raceId,year,round,date,race_name,constructorId,constructorRef,team,team_points,best_finish,win,podium,best_grid_position,pole_position
1052,2021,1,2021-03-28,Bahrain Grand Prix,51,alfa,Alfa Romeo,0.0,11,0,0,12,0
1052,2021,1,2021-03-28,Bahrain Grand Prix,213,alphatauri,AlphaTauri,2.0,9,0,0,5,0
1052,2021,1,2021-03-28,Bahrain Grand Prix,214,alpine,Alpine F1 Team,0.0,13,0,0,9,0
1052,2021,1,2021-03-28,Bahrain Grand Prix,117,aston_martin,Aston Martin,1.0,10,0,0,10,0
1052,2021,1,2021-03-28,Bahrain Grand Prix,6,ferrari,Ferrari,12.0,6,0,0,4,0
1052,2021,1,2021-03-28,Bahrain Grand Prix,210,haas,Haas F1 Team,0.0,16,0,0,19,0
1052,2021,1,2021-03-28,Bahrain Grand Prix,1,mclaren,McLaren,18.0,4,0,0,6,0
1052,2021,1,2021-03-28,Bahrain Grand Prix,131,mercedes,Mercedes,41.0,1,1,1,2,0
1052,2021,1,2021-03-28,Bahrain Grand Prix,9,red_bull,Red Bull,28.0,2,0,1,1,1
1052,2021,1,2021-03-28,Bahrain Grand Prix,3,williams,Williams,0.0,14,0,0,15,0
1053,2021,2,2021-04-18,Emilia Romagna Grand Prix,51,alfa,Alfa Romeo,0.0,13,0,0,16,0
1053,2021,2,2021-04-18,Emilia Romagna Grand Prix,213,alphatauri,AlphaTauri,6.0,7,0,0,5,0
1053,2021,2,2021-04-18,Emilia Romagna Grand Prix,214,alpine,Alpine F1 Team,3.0,9,0,0,9,0
1053,2021,2,2021-04-18,Emilia Romagna Grand Prix,117,aston_martin,Aston Martin,4.0,8,0,0,10,0
1053,2021,2,2021-04-18,Emilia Romagna Grand Prix,6,ferrari,Ferrari,22.0,4,0,0,4,0
1053,2021,2,2021-04-18,Emilia Romagna Grand Prix,210,haas,Haas F1 Team,0.0,16,0,0,18,0
1053,2021,2,2021-04-18,Emilia Romagna Grand Prix,1,mclaren,McLaren,23.0,3,0,1,6,0
1053,2021,2,2021-04-18,Emilia Romagna Grand Prix,131,mercedes,Mercedes,19.0,2,0,1,1,1
1053,2021,2,2021-04-18,Emilia Romagna Grand Prix,9,red_bull,Red Bull,25.0,1,1,1,2,0
1053,2021,2,2021-04-18,Emilia Romagna Grand Prix,3,williams,Williams,0.0,19,0,0,12,0
1054,2021,3,2021-05-02,Portuguese Grand Prix,51,alfa,Alfa Romeo,0.0,12,0,0,12,0
1054,2021,3,2021-05-02,Portuguese Grand Prix,213,alphatauri,AlphaTauri,1.0,10,0,0,9,0
1054,2021,3,2021-05-02,Portuguese Grand Prix,214,alpine,Alpine F1 Team,10.0,7,0,0,6,0
1054,2021,3,2021-05-02,Portuguese Grand Prix,117,aston_martin,Aston Martin,0.0,13,0,0,10,0
1054,2021,3,2021-05-02,Portuguese Grand Prix,6,ferrari,Ferrari,8.0,6,0,0,5,0
1054,2021,3,2021-05-02,Portuguese Grand Prix,210,haas,Haas F1 Team,0.0,17,0,0,19,0
1054,2021,3,2021-05-02,Portuguese Grand Prix,1,mclaren,McLaren,12.0,5,0,0,7,0
1054,2021,3,2021-05-02,Portuguese Grand Prix,131,mercedes,Mercedes,41.0,1,1,1,1,1
1054,2021,3,2021-05-02,Portuguese Grand Prix,9,red_bull,Red Bull,30.0,2,0,1,3,0
1054,2021,3,2021-05-02,Portuguese Grand Prix,3,williams,Williams,0.0,16,0,0,11,0
1055,2021,4,2021-05-09,Spanish Grand Prix,51,alfa,Alfa Romeo,0.0,12,0,0,14,0
1055,2021,4,2021-05-09,Spanish Grand Prix,213,alphatauri,AlphaTauri,1.0,10,0,0,12,0
1055,2021,4,2021-05-09,Spanish Grand Prix,214,alpine,Alpine F1 Team,2.0,9,0,0,5,0
1055,2021,4,2021-05-09,Spanish Grand Prix,117,aston_martin,Aston Martin,0.0,11,0,0,11,0
1055,2021,4,2021-05-09,Spanish Grand Prix,6,ferrari,Ferrari,18.0,4,0,0,4,0
1055,2021,4,2021-05-09,Spanish Grand Prix,210,haas,Haas F1 Team,0.0,18,0,0,18,0
1055,2021,4,2021-05-09,Spanish Grand Prix,1,mclaren,McLaren,12.0,6,0,0,7,0
1055,2021,4,2021-05-09,Spanish Grand Prix,131,mercedes,Mercedes,40.0,1,1,1,1,1
1055,2021,4,2021-05-09,Spanish Grand Prix,9,red_bull,Red Bull,29.0,2,0,1,2,0
1055,2021,4,2021-05-09,Spanish Grand Prix,3,williams,Williams,0.0,14,0,0,15,0
1056,2021,5,2021-05-23,Monaco Grand Prix,51,alfa,Alfa Romeo,1.0,10,0,0,10,0
1056,2021,5,2021-05-23,Monaco Grand Prix,213,alphatauri,AlphaTauri,8.0,6,0,0,6,0
1056,2021,5,2021-05-23,Monaco Grand Prix,214,alpine,Alpine F1 Team,2.0,9,0,0,11,0
1056,2021,5,2021-05-23,Monaco Grand Prix,117,aston_martin,Aston Martin,14.0,5,0,0,8,0
1056,2021,5,2021-05-23,Monaco Grand Prix,6,ferrari,Ferrari,18.0,2,0,1,1,1
1056,2021,5,2021-05-23,Monaco Grand Prix,210,haas,Haas F1 Team,0.0,17,0,0,19,0
1056,2021,5,2021-05-23,Monaco Grand Prix,1,mclaren,McLaren,15.0,3,0,1,5,0
1056,2021,5,2021-05-23,Monaco Grand Prix,131,mercedes,Mercedes,7.0,7,0,0,3,0
1056,2021,5,2021-05-23,Monaco Grand Prix,9,red_bull,Red Bull,37.0,1,1,1,2,0
1056,2021,5,2021-05-23,Monaco Grand Prix,3,williams,Williams,0.0,14,0,0,15,0
1057,2021,6,2021-06-06,Azerbaijan Grand Prix,51,alfa,Alfa Romeo,1.0,10,0,0,14,0
1057,2021,6,2021-06-06,Azerbaijan Grand Prix,213,alphatauri,AlphaTauri,21.0,3,0,1,4,0
1057,2021,6,2021-06-06,Azerbaijan Grand Prix,214,alpine,Alpine F1 Team,8.0,6,0,0,9,0
1057,2021,6,2021-06-06,Azerbaijan Grand Prix,117,aston_martin,Aston Martin,18.0,2,0,1,11,0
1057,2021,6,2021-06-06,Azerbaijan Grand Prix,6,ferrari,Ferrari,16.0,4,0,0,1,1
1057,2021,6,2021-06-06,Azerbaijan Grand Prix,210,haas,Haas F1 Team,0.0,13,0,0,17,0
1057,2021,6,2021-06-06,Azerbaijan Grand Prix,1,mclaren,McLaren,12.0,5,0,0,6,0
1057,2021,6,2021-06-06,Azerbaijan Grand Prix,131,mercedes,Mercedes,0.0,12,0,0,2,0
1057,2021,6,2021-06-06,Azerbaijan Grand Prix,9,red_bull,Red Bull,25.0,1,1,1,3,0
1057,2021,6,2021-06-06,Azerbaijan Grand Prix,3,williams,Williams,0.0,16,0,0,15,0
1059,2021,7,2021-06-20,French Grand Prix,51,alfa,Alfa Romeo,0.0,15,0,0,13,0
1059,2021,7,2021-06-20,French Grand Prix,213,alphatauri,AlphaTauri,6.0,7,0,0,6,0
1059,2021,7,2021-06-20,French Grand Prix,214,alpine,Alpine F1 Team,4.0,8,0,0,9,0
1059,2021,7,2021-06-20,French Grand Prix,117,aston_martin,Aston Martin,3.0,9,0,0,12,0
1059,2021,7,2021-06-20,French Grand Prix,6,ferrari,Ferrari,0.0,11,0,0,5,0
1059,2021,7,2021-06-20,French Grand Prix,210,haas,Haas F1 Team,0.0,19,0,0,15,0
1059,2021,7,2021-06-20,French Grand Prix,1,mclaren,McLaren,18.0,5,0,0,8,0
1059,2021,7,2021-06-20,French Grand Prix,131,mercedes,Mercedes,30.0,2,0,1,2,0
1059,2021,7,2021-06-20,French Grand Prix,9,red_bull,Red Bull,41.0,1,1,1,1,1
1059,2021,7,2021-06-20,French Grand Prix,3,williams,Williams,0.0,12,0,0,14,0
1058,2021,8,2021-06-27,Styrian Grand Prix,51,alfa,Alfa Romeo,0.0,11,0,0,15,0
1058,2021,8,2021-06-27,Styrian Grand Prix,213,alphatauri,AlphaTauri,1.0,10,0,0,6,0
1058,2021,8,2021-06-27,Styrian Grand Prix,214,alpine,Alpine F1 Team,2.0,9,0,0,9,0
1058,2021,8,2021-06-27,Styrian Grand Prix,117,aston_martin,Aston Martin,4.0,8,0,0,10,0
1058,2021,8,2021-06-27,Styrian Grand Prix,6,ferrari,Ferrari,14.0,6,0,0,7,0
1058,2021,8,2021-06-27,Styrian Grand Prix,210,haas,Haas F1 Team,0.0,16,0,0,19,0
1058,2021,8,2021-06-27,Styrian Grand Prix,1,mclaren,McLaren,10.0,5,0,0,4,0
1058,2021,8,2021-06-27,Styrian Grand Prix,131,mercedes,Mercedes,34.0,2,0,1,2,0
1058,2021,8,2021-06-27,Styrian Grand Prix,9,red_bull,Red Bull,37.0,1,1,1,1,1
1058,2021,8,2021-06-27,Styrian Grand Prix,3,williams,Williams,0.0,17,0,0,11,0
1060,2021,9,2021-07-04,Austrian Grand Prix,51,alfa,Alfa Romeo,0.0,14,0,0,15,0
1060,2021,9,2021-07-04,Austrian Grand Prix,213,alphatauri,AlphaTauri,2.0,9,0,0,6,0
1060,2021,9,2021-07-04,Austrian Grand Prix,214,alpine,Alpine F1 Team,1.0,10,0,0,14,0
1060,2021,9,2021-07-04,Austrian Grand Prix,117,aston_martin,Aston Martin,0.0,13,0,0,8,0
1060,2021,9,2021-07-04,Austrian Grand Prix,6,ferrari,Ferrari,14.0,5,0,0,11,0
1060,2021,9,2021-07-04,Austrian Grand Prix,210,haas,Haas F1 Team,0.0,18,0,0,19,0
1060,2021,9,2021-07-04,Austrian Grand Prix,1,mclaren,McLaren,21.0,3,0,1,2,0
1060,2021,9,2021-07-04,Austrian Grand Prix,131,mercedes,Mercedes,30.0,2,0,1,4,0
1060,2021,9,2021-07-04,Austrian Grand Prix,9,red_bull,Red Bull,34.0,1,1,1,1,1
1060,2021,9,2021-07-04,Austrian Grand Prix,3,williams,Williams,0.0,11,0,0,9,0
1061,2021,10,2021-07-18,British Grand Prix,51,alfa,Alfa Romeo,0.0,13,0,0,14,0
1061,2021,10,2021-07-18,British Grand Prix,213,alphatauri,AlphaTauri,1.0,10,0,0,12,0
1061,2021,10,2021-07-18,British Grand Prix,214,alpine,Alpine F1 Team,8.0,7,0,0,11,0
1061,2021,10,2021-07-18,British Grand Prix,117,aston_martin,Aston Martin,4.0,8,0,0,10,0
1061,2021,10,2021-07-18,British Grand Prix,6,ferrari,Ferrari,26.0,2,0,1,4,0
1061,2021,10,2021-07-18,British Grand Prix,210,haas,Haas F1 Team,0.0,17,0,0,19,0
1061,2021,10,2021-07-18,British Grand Prix,1,mclaren,McLaren,22.0,4,0,0,6,0
1061,2021,10,2021-07-18,British Grand Prix,131,mercedes,Mercedes,43.0,1,1,1,1,1
1061,2021,10,2021-07-18,British Grand Prix,9,red_bull,Red Bull,3.0,16,0,0,2,0
1061,2021,10,2021-07-18,British Grand Prix,3,williams,Williams,0.0,12,0,0,8,0
1062,2021,11,2021-08-01,Hungarian Grand Prix,51,alfa,Alfa Romeo,1.0,10,0,0,13,0
1062,2021,11,2021-08-01,Hungarian Grand Prix,213,alphatauri,AlphaTauri,19.0,5,0,0,5,0
1062,2021,11,2021-08-01,Hungarian Grand Prix,214,alpine,Alpine F1 Team,37.0,1,1,1,8,0
1062,2021,11,2021-08-01,Hungarian Grand Prix,117,aston_martin,Aston Martin,0.0,19,0,0,10,0
1062,2021,11,2021-08-01,Hungarian Grand Prix,6,ferrari,Ferrari,15.0,3,0,1,7,0
1062,2021,11,2021-08-01,Hungarian Grand Prix,210,haas,Haas F1 Team,0.0,12,0,0,19,0
1062,2021,11,2021-08-01,Hungarian Grand Prix,1,mclaren,McLaren,0.0,11,0,0,6,0
1062,2021,11,2021-08-01,Hungarian Grand Prix,131,mercedes,Mercedes,18.0,2,0,1,1,1
1062,2021,11,2021-08-01,Hungarian Grand Prix,9,red_bull,Red Bull,2.0,9,0,0,3,0
1062,2021,11,2021-08-01,Hungarian Grand Prix,3,williams,Williams,10.0,7,0,0,17,0
1063,2021,12,2021-08-29,Belgian Grand Prix,51,alfa,Alfa Romeo,0.0,13,0,0,16,0
1063,2021,12,2021-08-29,Belgian Grand Prix,213,alphatauri,AlphaTauri,4.0,6,0,0,6,0
1063,2021,12,2021-08-29,Belgian Grand Prix,214,alpine,Alpine F1 Team,3.0,7,0,0,9,0
1063,2021,12,2021-08-29,Belgian Grand Prix,117,aston_martin,Aston Martin,5.0,5,0,0,5,0
1063,2021,12,2021-08-29,Belgian Grand Prix,6,ferrari,Ferrari,2.5,8,0,0,11,0
1063,2021,12,2021-08-29,Belgian Grand Prix,210,haas,Haas F1 Team,0.0,16,0,0,18,0
1063,2021,12,2021-08-29,Belgian Grand Prix,1,mclaren,McLaren,6.0,4,0,0,4,0
1063,2021,12,2021-08-29,Belgian Grand Prix,131,mercedes,Mercedes,7.5,3,0,1,3,0
1063,2021,12,2021-08-29,Belgian Grand Prix,9,red_bull,Red Bull,12.5,1,1,1,1,1
1063,2021,12,2021-08-29,Belgian Grand Prix,3,williams,Williams,10.0,2,0,1,2,0
1064,2021,13,2021-09-05,Dutch Grand Prix,51,alfa,Alfa Romeo,0.0,14,0,0,7,0
1064,2021,13,2021-09-05,Dutch Grand Prix,213,alphatauri,AlphaTauri,12.0,4,0,0,4,0
1064,2021,13,2021-09-05,Dutch Grand Prix,214,alpine,Alpine F1 Team,10.0,6,0,0,8,0
1064,2021,13,2021-09-05,Dutch Grand Prix,117,aston_martin,Aston Martin,0.0,12,0,0,12,0
1064,2021,13,2021-09-05,Dutch Grand Prix,6,ferrari,Ferrari,16.0,5,0,0,5,0
1064,2021,13,2021-09-05,Dutch Grand Prix,210,haas,Haas F1 Team,0.0,18,0,0,19,0
1064,2021,13,2021-09-05,Dutch Grand Prix,1,mclaren,McLaren,1.0,10,0,0,10,0
1064,2021,13,2021-09-05,Dutch Grand Prix,131,mercedes,Mercedes,34.0,2,0,1,2,0
1064,2021,13,2021-09-05,Dutch Grand Prix,9,red_bull,Red Bull,29.0,1,1,1,1,1
1064,2021,13,2021-09-05,Dutch Grand Prix,3,williams,Williams,0.0,16,0,0,11,0
1065,2021,14,2021-09-12,Italian Grand Prix,51,alfa,Alfa Romeo,0.0,13,0,0,10,0
1065,2021,14,2021-09-12,Italian Grand Prix,213,alphatauri,AlphaTauri,0.0,19,0,0,6,0
1065,2021,14,2021-09-12,Italian Grand Prix,214,alpine,Alpine F1 Team,5.0,8,0,0,13,0
1065,2021,14,2021-09-12,Italian Grand Prix,117,aston_martin,Aston Martin,6.0,7,0,0,11,0
1065,2021,14,2021-09-12,Italian Grand Prix,6,ferrari,Ferrari,20.0,4,0,0,7,0
1065,2021,14,2021-09-12,Italian Grand Prix,210,haas,Haas F1 Team,0.0,15,0,0,18,0
1065,2021,14,2021-09-12,Italian Grand Prix,1,mclaren,McLaren,45.0,1,1,1,4,0
1065,2021,14,2021-09-12,Italian Grand Prix,131,mercedes,Mercedes,18.0,3,0,1,1,1
1065,2021,14,2021-09-12,Italian Grand Prix,9,red_bull,Red Bull,12.0,5,0,0,3,0
1065,2021,14,2021-09-12,Italian Grand Prix,3,williams,Williams,2.0,9,0,0,15,0
1066,2021,15,2021-09-26,Russian Grand Prix,51,alfa,Alfa Romeo,4.0,8,0,0,16,0
1066,2021,15,2021-09-26,Russian Grand Prix,213,alphatauri,AlphaTauri,0.0,13,0,0,12,0
1066,2021,15,2021-09-26,Russian Grand Prix,214,alpine,Alpine F1 Team,8.0,6,0,0,6,0
1066,2021,15,2021-09-26,Russian Grand Prix,117,aston_martin,Aston Martin,0.0,11,0,0,8,0
1066,2021,15,2021-09-26,Russian Grand Prix,6,ferrari,Ferrari,15.0,3,0,1,2,0
1066,2021,15,2021-09-26,Russian Grand Prix,210,haas,Haas F1 Team,0.0,18,0,0,17,0
1066,2021,15,2021-09-26,Russian Grand Prix,1,mclaren,McLaren,19.0,4,0,0,1,1
1066,2021,15,2021-09-26,Russian Grand Prix,131,mercedes,Mercedes,35.0,1,1,1,4,0
1066,2021,15,2021-09-26,Russian Grand Prix,9,red_bull,Red Bull,20.0,2,0,1,9,0
1066,2021,15,2021-09-26,Russian Grand Prix,3,williams,Williams,1.0,10,0,0,3,0
1067,2021,16,2021-10-10,Turkish Grand Prix,51,alfa,Alfa Romeo,0.0,11,0,0,18,0
1067,2021,16,2021-10-10,Turkish Grand Prix,213,alphatauri,AlphaTauri,8.0,6,0,0,5,0
1067,2021,16,2021-10-10,Turkish Grand Prix,214,alpine,Alpine F1 Team,1.0,10,0,0,6,0
1067,2021,16,2021-10-10,Turkish Grand Prix,117,aston_martin,Aston Martin,2.0,9,0,0,9,0
1067,2021,16,2021-10-10,Turkish Grand Prix,6,ferrari,Ferrari,16.0,4,0,0,4,0
1067,2021,16,2021-10-10,Turkish Grand Prix,210,haas,Haas F1 Team,0.0,19,0,0,14,0
1067,2021,16,2021-10-10,Turkish Grand Prix,1,mclaren,McLaren,6.0,7,0,0,8,0
1067,2021,16,2021-10-10,Turkish Grand Prix,131,mercedes,Mercedes,36.0,1,1,1,1,1
1067,2021,16,2021-10-10,Turkish Grand Prix,9,red_bull,Red Bull,33.0,2,0,1,3,0
1067,2021,16,2021-10-10,Turkish Grand Prix,3,williams,Williams,0.0,15,0,0,13,0
1069,2021,17,2021-10-24,United States Grand Prix,51,alfa,Alfa Romeo,0.0,11,0,0,13,0
1069,2021,17,2021-10-24,United States Grand Prix,213,alphatauri,AlphaTauri,2.0,9,0,0,9,0
1069,2021,17,2021-10-24,United States Grand Prix,214,alpine,Alpine F1 Team,0.0,18,0,0,11,0
1069,2021,17,2021-10-24,United States Grand Prix,117,aston_martin,Aston Martin,1.0,10,0,0,12,0
1069,2021,17,2021-10-24,United States Grand Prix,6,ferrari,Ferrari,18.0,4,0,0,5,0
1069,2021,17,2021-10-24,United States Grand Prix,210,haas,Haas F1 Team,0.0,16,0,0,19,0
1069,2021,17,2021-10-24,United States Grand Prix,1,mclaren,McLaren,14.0,5,0,0,7,0
1069,2021,17,2021-10-24,United States Grand Prix,131,mercedes,Mercedes,27.0,2,0,1,2,0
1069,2021,17,2021-10-24,United States Grand Prix,9,red_bull,Red Bull,40.0,1,1,1,1,1
1069,2021,17,2021-10-24,United States Grand Prix,3,williams,Williams,0.0,14,0,0,15,0
1070,2021,18,2021-11-07,Mexico City Grand Prix,51,alfa,Alfa Romeo,4.0,8,0,0,12,0
1070,2021,18,2021-11-07,Mexico City Grand Prix,213,alphatauri,AlphaTauri,12.0,4,0,0,5,0
1070,2021,18,2021-11-07,Mexico City Grand Prix,214,alpine,Alpine F1 Team,2.0,9,0,0,15,0
1070,2021,18,2021-11-07,Mexico City Grand Prix,117,aston_martin,Aston Martin,6.0,7,0,0,11,0
1070,2021,18,2021-11-07,Mexico City Grand Prix,6,ferrari,Ferrari,18.0,5,0,0,6,0
1070,2021,18,2021-11-07,Mexico City Grand Prix,210,haas,Haas F1 Team,0.0,18,0,0,18,0
1070,2021,18,2021-11-07,Mexico City Grand Prix,1,mclaren,McLaren,1.0,10,0,0,7,0
1070,2021,18,2021-11-07,Mexico City Grand Prix,131,mercedes,Mercedes,18.0,2,0,1,1,1
1070,2021,18,2021-11-07,Mexico City Grand Prix,9,red_bull,Red Bull,40.0,1,1,1,3,0
1070,2021,18,2021-11-07,Mexico City Grand Prix,3,williams,Williams,0.0,16,0,0,13,0
1071,2021,19,2021-11-14,São Paulo Grand Prix,51,alfa,Alfa Romeo,0.0,12,0,0,14,0
1071,2021,19,2021-11-14,São Paulo Grand Prix,213,alphatauri,AlphaTauri,6.0,7,0,0,5,0
1071,2021,19,2021-11-14,São Paulo Grand Prix,214,alpine,Alpine F1 Team,6.0,8,0,0,10,0
1071,2021,19,2021-11-14,São Paulo Grand Prix,117,aston_martin,Aston Martin,0.0,11,0,0,12,0
1071,2021,19,2021-11-14,São Paulo Grand Prix,6,ferrari,Ferrari,19.0,5,0,0,6,0
1071,2021,19,2021-11-14,São Paulo Grand Prix,210,haas,Haas F1 Team,0.0,17,0,0,19,0
1071,2021,19,2021-11-14,São Paulo Grand Prix,1,mclaren,McLaren,1.0,10,0,0,8,0
1071,2021,19,2021-11-14,São Paulo Grand Prix,131,mercedes,Mercedes,43.0,1,1,1,1,1
1071,2021,19,2021-11-14,São Paulo Grand Prix,9,red_bull,Red Bull,33.0,2,0,1,2,0
1071,2021,19,2021-11-14,São Paulo Grand Prix,3,williams,Williams,0.0,13,0,0,17,0
1051,2021,20,2021-11-21,Qatar Grand Prix,51,alfa,Alfa Romeo,0.0,14,0,0,16,0
1051,2021,20,2021-11-21,Qatar Grand Prix,213,alphatauri,AlphaTauri,0.0,11,0,0,4,0
1051,2021,20,2021-11-21,Qatar Grand Prix,214,alpine,Alpine F1 Team,25.0,3,0,1,5,0
1051,2021,20,2021-11-21,Qatar Grand Prix,117,aston_martin,Aston Martin,9.0,6,0,0,10,0
1051,2021,20,2021-11-21,Qatar Grand Prix,6,ferrari,Ferrari,10.0,7,0,0,7,0
1051,2021,20,2021-11-21,Qatar Grand Prix,210,haas,Haas F1 Team,0.0,16,0,0,19,0
1051,2021,20,2021-11-21,Qatar Grand Prix,1,mclaren,McLaren,2.0,9,0,0,6,0
1051,2021,20,2021-11-21,Qatar Grand Prix,131,mercedes,Mercedes,25.0,1,1,1,1,1
1051,2021,20,2021-11-21,Qatar Grand Prix,9,red_bull,Red Bull,31.0,2,0,1,2,0
1051,2021,20,2021-11-21,Qatar Grand Prix,3,williams,Williams,0.0,17,0,0,15,0
1072,2021,21,2021-12-05,Saudi Arabian Grand Prix,51,alfa,Alfa Romeo,2.0,9,0,0,10,0
1072,2021,21,2021-12-05,Saudi Arabian Grand Prix,213,alphatauri,AlphaTauri,8.0,6,0,0,6,0
1072,2021,21,2021-12-05,Saudi Arabian Grand Prix,214,alpine,Alpine F1 Team,12.0,4,0,0,9,0
1072,2021,21,2021-12-05,Saudi Arabian Grand Prix,117,aston_martin,Aston Martin,0.0,11,0,0,17,0
1072,2021,21,2021-12-05,Saudi Arabian Grand Prix,6,ferrari,Ferrari,10.0,7,0,0,4,0
1072,2021,21,2021-12-05,Saudi Arabian Grand Prix,210,haas,Haas F1 Team,0.0,18,0,0,19,0
1072,2021,21,2021-12-05,Saudi Arabian Grand Prix,1,mclaren,McLaren,11.0,5,0,0,7,0
1072,2021,21,2021-12-05,Saudi Arabian Grand Prix,131,mercedes,Mercedes,41.0,1,1,1,1,1
1072,2021,21,2021-12-05,Saudi Arabian Grand Prix,9,red_bull,Red Bull,18.0,2,0,1,3,0
1072,2021,21,2021-12-05,Saudi Arabian Grand Prix,3,williams,Williams,0.0,12,0,0,14,0
1073,2021,22,2021-12-12,Abu Dhabi Grand Prix,51,alfa,Alfa Romeo,0.0,17,0,0,14,0
1073,2021,22,2021-12-12,Abu Dhabi Grand Prix,213,alphatauri,AlphaTauri,22.0,4,0,0,8,0
1073,2021,22,2021-12-12,Abu Dhabi Grand Prix,214,alpine,Alpine F1 Team,6.0,8,0,0,9,0
1073,2021,22,2021-12-12,Abu Dhabi Grand Prix,117,aston_martin,Aston Martin,0.0,11,0,0,13,0
1073,2021,22,2021-12-12,Abu Dhabi Grand Prix,6,ferrari,Ferrari,16.0,3,0,1,5,0
1073,2021,22,2021-12-12,Abu Dhabi Grand Prix,210,haas,Haas F1 Team,0.0,14,0,0,19,0
1073,2021,22,2021-12-12,Abu Dhabi Grand Prix,1,mclaren,McLaren,6.0,7,0,0,3,0
1073,2021,22,2021-12-12,Abu Dhabi Grand Prix,131,mercedes,Mercedes,26.0,2,0,1,2,0
1073,2021,22,2021-12-12,Abu Dhabi Grand Prix,9,red_bull,Red Bull,26.0,1,1,1,1,1
1073,2021,22,2021-12-12,Abu Dhabi Grand Prix,3,williams,Williams,0.0,16,0,0,16,0
1074,2022,1,2022-03-20,Bahrain Grand Prix,51,alfa,Alfa Romeo,9.0,6,0,0,6,0
1074,2022,1,2022-03-20,Bahrain Grand Prix,213,alphatauri,AlphaTauri,4.0,8,0,0,10,0
1074,2022,1,2022-03-20,Bahrain Grand Prix,214,alpine,Alpine F1 Team,8.0,7,0,0,8,0
1074,2022,1,2022-03-20,Bahrain Grand Prix,117,aston_martin,Aston Martin,0.0,12,0,0,17,0
1074,2022,1,2022-03-20,Bahrain Grand Prix,6,ferrari,Ferrari,44.0,1,1,1,1,1
1074,2022,1,2022-03-20,Bahrain Grand Prix,210,haas,Haas F1 Team,10.0,5,0,0,7,0
1074,2022,1,2022-03-20,Bahrain Grand Prix,1,mclaren,McLaren,0.0,14,0,0,13,0
1074,2022,1,2022-03-20,Bahrain Grand Prix,131,mercedes,Mercedes,27.0,3,0,1,5,0
1074,2022,1,2022-03-20,Bahrain Grand Prix,9,red_bull,Red Bull,0.0,18,0,0,2,0
1074,2022,1,2022-03-20,Bahrain Grand Prix,3,williams,Williams,0.0,13,0,0,14,0
1075,2022,2,2022-03-27,Saudi Arabian Grand Prix,51,alfa,Alfa Romeo,0.0,11,0,0,8,0
1075,2022,2,2022-03-27,Saudi Arabian Grand Prix,213,alphatauri,AlphaTauri,4.0,8,0,0,9,0
1075,2022,2,2022-03-27,Saudi Arabian Grand Prix,214,alpine,Alpine F1 Team,8.0,6,0,0,5,0
1075,2022,2,2022-03-27,Saudi Arabian Grand Prix,117,aston_martin,Aston Martin,0.0,12,0,0,15,0
1075,2022,2,2022-03-27,Saudi Arabian Grand Prix,6,ferrari,Ferrari,34.0,2,0,1,2,0
1075,2022,2,2022-03-27,Saudi Arabian Grand Prix,210,haas,Haas F1 Team,2.0,9,0,0,10,0
1075,2022,2,2022-03-27,Saudi Arabian Grand Prix,1,mclaren,McLaren,6.0,7,0,0,11,0
1075,2022,2,2022-03-27,Saudi Arabian Grand Prix,131,mercedes,Mercedes,11.0,5,0,0,6,0
1075,2022,2,2022-03-27,Saudi Arabian Grand Prix,9,red_bull,Red Bull,37.0,1,1,1,1,1
1075,2022,2,2022-03-27,Saudi Arabian Grand Prix,3,williams,Williams,0.0,14,0,0,17,0
1076,2022,3,2022-04-10,Australian Grand Prix,51,alfa,Alfa Romeo,4.0,8,0,0,12,0
1076,2022,3,2022-04-10,Australian Grand Prix,213,alphatauri,AlphaTauri,2.0,9,0,0,11,0
1076,2022,3,2022-04-10,Australian Grand Prix,214,alpine,Alpine F1 Team,6.0,7,0,0,8,0
1076,2022,3,2022-04-10,Australian Grand Prix,117,aston_martin,Aston Martin,0.0,12,0,0,18,0
1076,2022,3,2022-04-10,Australian Grand Prix,6,ferrari,Ferrari,26.0,1,1,1,1,1
1076,2022,3,2022-04-10,Australian Grand Prix,210,haas,Haas F1 Team,0.0,13,0,0,15,0
1076,2022,3,2022-04-10,Australian Grand Prix,1,mclaren,McLaren,18.0,5,0,0,4,0
1076,2022,3,2022-04-10,Australian Grand Prix,131,mercedes,Mercedes,27.0,3,0,1,5,0
1076,2022,3,2022-04-10,Australian Grand Prix,9,red_bull,Red Bull,18.0,2,0,1,2,0
1076,2022,3,2022-04-10,Australian Grand Prix,3,williams,Williams,1.0,10,0,0,16,0
1077,2022,4,2022-04-24,Emilia Romagna Grand Prix,51,alfa,Alfa Romeo,12.0,5,0,0,8,0
1077,2022,4,2022-04-24,Emilia Romagna Grand Prix,213,alphatauri,AlphaTauri,6.0,7,0,0,16,0
1077,2022,4,2022-04-24,Emilia Romagna Grand Prix,214,alpine,Alpine F1 Team,0.0,14,0,0,5,0
1077,2022,4,2022-04-24,Emilia Romagna Grand Prix,117,aston_martin,Aston Martin,5.0,8,0,0,9,0
1077,2022,4,2022-04-24,Emilia Romagna Grand Prix,6,ferrari,Ferrari,20.0,6,0,0,2,0
1077,2022,4,2022-04-24,Emilia Romagna Grand Prix,210,haas,Haas F1 Team,3.0,9,0,0,4,0
1077,2022,4,2022-04-24,Emilia Romagna Grand Prix,1,mclaren,McLaren,22.0,3,0,1,3,0
1077,2022,4,2022-04-24,Emilia Romagna Grand Prix,131,mercedes,Mercedes,12.0,4,0,0,11,0
1077,2022,4,2022-04-24,Emilia Romagna Grand Prix,9,red_bull,Red Bull,58.0,1,1,1,1,1
1077,2022,4,2022-04-24,Emilia Romagna Grand Prix,3,williams,Williams,0.0,11,0,0,18,0
1078,2022,5,2022-05-08,Miami Grand Prix,51,alfa,Alfa Romeo,6.0,7,0,0,5,0
1078,2022,5,2022-05-08,Miami Grand Prix,213,alphatauri,AlphaTauri,0.0,12,0,0,7,0
1078,2022,5,2022-05-08,Miami Grand Prix,214,alpine,Alpine F1 Team,4.0,8,0,0,11,0
1078,2022,5,2022-05-08,Miami Grand Prix,117,aston_martin,Aston Martin,1.0,10,0,0,10,0
1078,2022,5,2022-05-08,Miami Grand Prix,6,ferrari,Ferrari,33.0,2,0,1,1,1
1078,2022,5,2022-05-08,Miami Grand Prix,210,haas,Haas F1 Team,0.0,15,0,0,15,0
1078,2022,5,2022-05-08,Miami Grand Prix,1,mclaren,McLaren,0.0,13,0,0,8,0
1078,2022,5,2022-05-08,Miami Grand Prix,131,mercedes,Mercedes,18.0,5,0,0,6,0
1078,2022,5,2022-05-08,Miami Grand Prix,9,red_bull,Red Bull,38.0,1,1,1,3,0
1078,2022,5,2022-05-08,Miami Grand Prix,3,williams,Williams,2.0,9,0,0,18,0
1079,2022,6,2022-05-22,Spanish Grand Prix,51,alfa,Alfa Romeo,8.0,6,0,0,7,0
1079,2022,6,2022-05-22,Spanish Grand Prix,213,alphatauri,AlphaTauri,1.0,10,0,0,13,0
1079,2022,6,2022-05-22,Spanish Grand Prix,214,alpine,Alpine F1 Team,8.0,7,0,0,12,0
1079,2022,6,2022-05-22,Spanish Grand Prix,117,aston_martin,Aston Martin,0.0,11,0,0,16,0
1079,2022,6,2022-05-22,Spanish Grand Prix,6,ferrari,Ferrari,12.0,4,0,0,1,1
1079,2022,6,2022-05-22,Spanish Grand Prix,210,haas,Haas F1 Team,0.0,14,0,0,8,0
1079,2022,6,2022-05-22,Spanish Grand Prix,1,mclaren,McLaren,4.0,8,0,0,9,0
1079,2022,6,2022-05-22,Spanish Grand Prix,131,mercedes,Mercedes,25.0,3,0,1,4,0
1079,2022,6,2022-05-22,Spanish Grand Prix,9,red_bull,Red Bull,44.0,1,1,1,2,0
1079,2022,6,2022-05-22,Spanish Grand Prix,3,williams,Williams,0.0,16,0,0,19,0
1080,2022,7,2022-05-29,Monaco Grand Prix,51,alfa,Alfa Romeo,2.0,9,0,0,12,0
1080,2022,7,2022-05-29,Monaco Grand Prix,213,alphatauri,AlphaTauri,0.0,11,0,0,11,0
1080,2022,7,2022-05-29,Monaco Grand Prix,214,alpine,Alpine F1 Team,6.0,7,0,0,7,0
1080,2022,7,2022-05-29,Monaco Grand Prix,117,aston_martin,Aston Martin,1.0,10,0,0,9,0
1080,2022,7,2022-05-29,Monaco Grand Prix,6,ferrari,Ferrari,30.0,2,0,1,1,1
1080,2022,7,2022-05-29,Monaco Grand Prix,210,haas,Haas F1 Team,0.0,19,0,0,13,0
1080,2022,7,2022-05-29,Monaco Grand Prix,1,mclaren,McLaren,9.0,6,0,0,5,0
1080,2022,7,2022-05-29,Monaco Grand Prix,131,mercedes,Mercedes,14.0,5,0,0,6,0
1080,2022,7,2022-05-29,Monaco Grand Prix,9,red_bull,Red Bull,40.0,1,1,1,3,0
1080,2022,7,2022-05-29,Monaco Grand Prix,3,williams,Williams,0.0,15,0,0,16,0
1081,2022,8,2022-06-12,Azerbaijan Grand Prix,51,alfa,Alfa Romeo,0.0,11,0,0,14,0
1081,2022,8,2022-06-12,Azerbaijan Grand Prix,213,alphatauri,AlphaTauri,10.0,5,0,0,6,0
1081,2022,8,2022-06-12,Azerbaijan Grand Prix,214,alpine,Alpine F1 Team,7.0,7,0,0,10,0
1081,2022,8,2022-06-12,Azerbaijan Grand Prix,117,aston_martin,Aston Martin,8.0,6,0,0,9,0
1081,2022,8,2022-06-12,Azerbaijan Grand Prix,6,ferrari,Ferrari,0.0,19,0,0,1,1
1081,2022,8,2022-06-12,Azerbaijan Grand Prix,210,haas,Haas F1 Team,0.0,14,0,0,16,0
1081,2022,8,2022-06-12,Azerbaijan Grand Prix,1,mclaren,McLaren,6.0,8,0,0,11,0
1081,2022,8,2022-06-12,Azerbaijan Grand Prix,131,mercedes,Mercedes,27.0,3,0,1,5,0
1081,2022,8,2022-06-12,Azerbaijan Grand Prix,9,red_bull,Red Bull,44.0,1,1,1,2,0
1081,2022,8,2022-06-12,Azerbaijan Grand Prix,3,williams,Williams,0.0,12,0,0,17,0
1082,2022,9,2022-06-19,Canadian Grand Prix,51,alfa,Alfa Romeo,10.0,7,0,0,10,0
1082,2022,9,2022-06-19,Canadian Grand Prix,213,alphatauri,AlphaTauri,0.0,14,0,0,16,0
1082,2022,9,2022-06-19,Canadian Grand Prix,214,alpine,Alpine F1 Team,10.0,6,0,0,2,0
1082,2022,9,2022-06-19,Canadian Grand Prix,117,aston_martin,Aston Martin,1.0,10,0,0,17,0
1082,2022,9,2022-06-19,Canadian Grand Prix,6,ferrari,Ferrari,29.0,2,0,1,3,0
1082,2022,9,2022-06-19,Canadian Grand Prix,210,haas,Haas F1 Team,0.0,17,0,0,5,0
1082,2022,9,2022-06-19,Canadian Grand Prix,1,mclaren,McLaren,0.0,11,0,0,9,0
1082,2022,9,2022-06-19,Canadian Grand Prix,131,mercedes,Mercedes,27.0,3,0,1,4,0
1082,2022,9,2022-06-19,Canadian Grand Prix,9,red_bull,Red Bull,25.0,1,1,1,1,1
1082,2022,9,2022-06-19,Canadian Grand Prix,3,williams,Williams,0.0,13,0,0,12,0
1083,2022,10,2022-07-03,British Grand Prix,51,alfa,Alfa Romeo,0.0,17,0,0,9,0
1083,2022,10,2022-07-03,British Grand Prix,213,alphatauri,AlphaTauri,0.0,14,0,0,11,0
1083,2022,10,2022-07-03,British Grand Prix,214,alpine,Alpine F1 Team,10.0,5,0,0,7,0
1083,2022,10,2022-07-03,British Grand Prix,117,aston_martin,Aston Martin,2.0,9,0,0,18,0
1083,2022,10,2022-07-03,British Grand Prix,6,ferrari,Ferrari,37.0,1,1,1,1,1
1083,2022,10,2022-07-03,British Grand Prix,210,haas,Haas F1 Team,5.0,8,0,0,17,0
1083,2022,10,2022-07-03,British Grand Prix,1,mclaren,McLaren,8.0,6,0,0,6,0
1083,2022,10,2022-07-03,British Grand Prix,131,mercedes,Mercedes,16.0,3,0,1,5,0
1083,2022,10,2022-07-03,British Grand Prix,9,red_bull,Red Bull,24.0,2,0,1,2,0
1083,2022,10,2022-07-03,British Grand Prix,3,williams,Williams,0.0,12,0,0,10,0
1084,2022,11,2022-07-10,Austrian Grand Prix,51,alfa,Alfa Romeo,0.0,11,0,0,12,0
1084,2022,11,2022-07-10,Austrian Grand Prix,213,alphatauri,AlphaTauri,0.0,15,0,0,10,0
1084,2022,11,2022-07-10,Austrian Grand Prix,214,alpine,Alpine F1 Team,14.0,5,0,0,5,0
1084,2022,11,2022-07-10,Austrian Grand Prix,117,aston_martin,Aston Martin,0.0,13,0,0,17,0
1084,2022,11,2022-07-10,Austrian Grand Prix,6,ferrari,Ferrari,38.0,1,1,1,2,0
1084,2022,11,2022-07-10,Austrian Grand Prix,210,haas,Haas F1 Team,14.0,6,0,0,6,0
1084,2022,11,2022-07-10,Austrian Grand Prix,1,mclaren,McLaren,8.0,7,0,0,15,0
1084,2022,11,2022-07-10,Austrian Grand Prix,131,mercedes,Mercedes,33.0,3,0,1,4,0
1084,2022,11,2022-07-10,Austrian Grand Prix,9,red_bull,Red Bull,31.0,2,0,1,1,1
1084,2022,11,2022-07-10,Austrian Grand Prix,3,williams,Williams,0.0,12,0,0,11,0
1085,2022,12,2022-07-24,French Grand Prix,51,alfa,Alfa Romeo,0.0,14,0,0,13,0
1085,2022,12,2022-07-24,French Grand Prix,213,alphatauri,AlphaTauri,0.0,12,0,0,8,0
1085,2022,12,2022-07-24,French Grand Prix,214,alpine,Alpine F1 Team,12.0,6,0,0,7,0
1085,2022,12,2022-07-24,French Grand Prix,117,aston_martin,Aston Martin,1.0,10,0,0,14,0
1085,2022,12,2022-07-24,French Grand Prix,6,ferrari,Ferrari,11.0,5,0,0,1,1
1085,2022,12,2022-07-24,French Grand Prix,210,haas,Haas F1 Team,0.0,15,0,0,10,0
1085,2022,12,2022-07-24,French Grand Prix,1,mclaren,McLaren,8.0,7,0,0,5,0
1085,2022,12,2022-07-24,French Grand Prix,131,mercedes,Mercedes,33.0,2,0,1,4,0
1085,2022,12,2022-07-24,French Grand Prix,9,red_bull,Red Bull,37.0,1,1,1,2,0
1085,2022,12,2022-07-24,French Grand Prix,3,williams,Williams,0.0,13,0,0,15,0
1086,2022,13,2022-07-31,Hungarian Grand Prix,51,alfa,Alfa Romeo,0.0,13,0,0,8,0
1086,2022,13,2022-07-31,Hungarian Grand Prix,213,alphatauri,AlphaTauri,0.0,12,0,0,16,0
1086,2022,13,2022-07-31,Hungarian Grand Prix,214,alpine,Alpine F1 Team,6.0,8,0,0,5,0
1086,2022,13,2022-07-31,Hungarian Grand Prix,117,aston_martin,Aston Martin,1.0,10,0,0,14,0
1086,2022,13,2022-07-31,Hungarian Grand Prix,6,ferrari,Ferrari,20.0,4,0,0,2,0
1086,2022,13,2022-07-31,Hungarian Grand Prix,210,haas,Haas F1 Team,0.0,14,0,0,13,0
1086,2022,13,2022-07-31,Hungarian Grand Prix,1,mclaren,McLaren,6.0,7,0,0,4,0
1086,2022,13,2022-07-31,Hungarian Grand Prix,131,mercedes,Mercedes,34.0,2,0,1,1,1
1086,2022,13,2022-07-31,Hungarian Grand Prix,9,red_bull,Red Bull,35.0,1,1,1,10,0
1086,2022,13,2022-07-31,Hungarian Grand Prix,3,williams,Williams,0.0,17,0,0,17,0
1087,2022,14,2022-08-28,Belgian Grand Prix,51,alfa,Alfa Romeo,0.0,14,0,0,13,0
1087,2022,14,2022-08-28,Belgian Grand Prix,213,alphatauri,AlphaTauri,2.0,9,0,0,12,0
1087,2022,14,2022-08-28,Belgian Grand Prix,214,alpine,Alpine F1 Team,16.0,5,0,0,5,0
1087,2022,14,2022-08-28,Belgian Grand Prix,117,aston_martin,Aston Martin,4.0,8,0,0,14,0
1087,2022,14,2022-08-28,Belgian Grand Prix,6,ferrari,Ferrari,23.0,3,0,1,2,0
1087,2022,14,2022-08-28,Belgian Grand Prix,210,haas,Haas F1 Team,0.0,16,0,0,15,0
1087,2022,14,2022-08-28,Belgian Grand Prix,1,mclaren,McLaren,0.0,12,0,0,10,0
1087,2022,14,2022-08-28,Belgian Grand Prix,131,mercedes,Mercedes,12.0,4,0,0,7,0
1087,2022,14,2022-08-28,Belgian Grand Prix,9,red_bull,Red Bull,44.0,1,1,1,1,1
1087,2022,14,2022-08-28,Belgian Grand Prix,3,williams,Williams,1.0,10,0,0,9,0
1088,2022,15,2022-09-04,Dutch Grand Prix,51,alfa,Alfa Romeo,0.0,16,0,0,14,0
1088,2022,15,2022-09-04,Dutch Grand Prix,213,alphatauri,AlphaTauri,0.0,11,0,0,9,0
1088,2022,15,2022-09-04,Dutch Grand Prix,214,alpine,Alpine F1 Team,10.0,6,0,0,12,0
1088,2022,15,2022-09-04,Dutch Grand Prix,117,aston_martin,Aston Martin,1.0,10,0,0,10,0
1088,2022,15,2022-09-04,Dutch Grand Prix,6,ferrari,Ferrari,19.0,3,0,1,2,0
1088,2022,15,2022-09-04,Dutch Grand Prix,210,haas,Haas F1 Team,0.0,13,0,0,8,0
1088,2022,15,2022-09-04,Dutch Grand Prix,1,mclaren,McLaren,6.0,7,0,0,7,0
1088,2022,15,2022-09-04,Dutch Grand Prix,131,mercedes,Mercedes,30.0,2,0,1,4,0
1088,2022,15,2022-09-04,Dutch Grand Prix,9,red_bull,Red Bull,36.0,1,1,1,1,1
1088,2022,15,2022-09-04,Dutch Grand Prix,3,williams,Williams,0.0,12,0,0,15,0
1089,2022,16,2022-09-11,Italian Grand Prix,51,alfa,Alfa Romeo,1.0,10,0,0,12,0
1089,2022,16,2022-09-11,Italian Grand Prix,213,alphatauri,AlphaTauri,4.0,8,0,0,9,0
1089,2022,16,2022-09-11,Italian Grand Prix,214,alpine,Alpine F1 Team,0.0,11,0,0,10,0
1089,2022,16,2022-09-11,Italian Grand Prix,117,aston_martin,Aston Martin,0.0,18,0,0,17,0
1089,2022,16,2022-09-11,Italian Grand Prix,6,ferrari,Ferrari,30.0,2,0,1,1,1
1089,2022,16,2022-09-11,Italian Grand Prix,210,haas,Haas F1 Team,0.0,12,0,0,19,0
1089,2022,16,2022-09-11,Italian Grand Prix,1,mclaren,McLaren,6.0,7,0,0,7,0
1089,2022,16,2022-09-11,Italian Grand Prix,131,mercedes,Mercedes,25.0,3,0,1,5,0
1089,2022,16,2022-09-11,Italian Grand Prix,9,red_bull,Red Bull,34.0,1,1,1,2,0
1089,2022,16,2022-09-11,Italian Grand Prix,3,williams,Williams,2.0,9,0,0,13,0
1091,2022,17,2022-10-02,Singapore Grand Prix,51,alfa,Alfa Romeo,0.0,11,0,0,15,0
1091,2022,17,2022-10-02,Singapore Grand Prix,213,alphatauri,AlphaTauri,1.0,10,0,0,7,0
1091,2022,17,2022-10-02,Singapore Grand Prix,214,alpine,Alpine F1 Team,0.0,16,0,0,5,0
1091,2022,17,2022-10-02,Singapore Grand Prix,117,aston_martin,Aston Martin,12.0,6,0,0,12,0
1091,2022,17,2022-10-02,Singapore Grand Prix,6,ferrari,Ferrari,33.0,2,0,1,1,1
1091,2022,17,2022-10-02,Singapore Grand Prix,210,haas,Haas F1 Team,0.0,12,0,0,9,0
1091,2022,17,2022-10-02,Singapore Grand Prix,1,mclaren,McLaren,22.0,4,0,0,6,0
1091,2022,17,2022-10-02,Singapore Grand Prix,131,mercedes,Mercedes,2.0,9,0,0,3,0
1091,2022,17,2022-10-02,Singapore Grand Prix,9,red_bull,Red Bull,31.0,1,1,1,2,0
1091,2022,17,2022-10-02,Singapore Grand Prix,3,williams,Williams,0.0,17,0,0,19,0
1092,2022,18,2022-10-09,Japanese Grand Prix,51,alfa,Alfa Romeo,0.0,15,0,0,12,0
1092,2022,18,2022-10-09,Japanese Grand Prix,213,alphatauri,AlphaTauri,0.0,13,0,0,13,0
1092,2022,18,2022-10-09,Japanese Grand Prix,214,alpine,Alpine F1 Team,18.0,4,0,0,5,0
1092,2022,18,2022-10-09,Japanese Grand Prix,117,aston_martin,Aston Martin,8.0,6,0,0,9,0
1092,2022,18,2022-10-09,Japanese Grand Prix,6,ferrari,Ferrari,15.0,3,0,1,2,0
1092,2022,18,2022-10-09,Japanese Grand Prix,210,haas,Haas F1 Team,0.0,14,0,0,15,0
1092,2022,18,2022-10-09,Japanese Grand Prix,1,mclaren,McLaren,1.0,10,0,0,10,0
1092,2022,18,2022-10-09,Japanese Grand Prix,131,mercedes,Mercedes,14.0,5,0,0,6,0
1092,2022,18,2022-10-09,Japanese Grand Prix,9,red_bull,Red Bull,43.0,1,1,1,1,1
1092,2022,18,2022-10-09,Japanese Grand Prix,3,williams,Williams,2.0,9,0,0,16,0
1093,2022,19,2022-10-23,United States Grand Prix,51,alfa,Alfa Romeo,0.0,12,0,0,10,0
1093,2022,19,2022-10-23,United States Grand Prix,213,alphatauri,AlphaTauri,1.0,10,0,0,13,0
1093,2022,19,2022-10-23,United States Grand Prix,214,alpine,Alpine F1 Team,6.0,7,0,0,9,0
1093,2022,19,2022-10-23,United States Grand Prix,117,aston_martin,Aston Martin,4.0,8,0,0,7,0
1093,2022,19,2022-10-23,United States Grand Prix,6,ferrari,Ferrari,15.0,3,0,1,1,1
1093,2022,19,2022-10-23,United States Grand Prix,210,haas,Haas F1 Team,2.0,9,0,0,16,0
1093,2022,19,2022-10-23,United States Grand Prix,1,mclaren,McLaren,8.0,6,0,0,8,0
1093,2022,19,2022-10-23,United States Grand Prix,131,mercedes,Mercedes,29.0,2,0,1,5,0
1093,2022,19,2022-10-23,United States Grand Prix,9,red_bull,Red Bull,37.0,1,1,1,3,0
1093,2022,19,2022-10-23,United States Grand Prix,3,williams,Williams,0.0,13,0,0,11,0
1094,2022,20,2022-10-30,Mexico City Grand Prix,51,alfa,Alfa Romeo,1.0,10,0,0,6,0
1094,2022,20,2022-10-30,Mexico City Grand Prix,213,alphatauri,AlphaTauri,0.0,11,0,0,13,0
1094,2022,20,2022-10-30,Mexico City Grand Prix,214,alpine,Alpine F1 Team,4.0,8,0,0,9,0
1094,2022,20,2022-10-30,Mexico City Grand Prix,117,aston_martin,Aston Martin,0.0,14,0,0,17,0
1094,2022,20,2022-10-30,Mexico City Grand Prix,6,ferrari,Ferrari,18.0,5,0,0,5,0
1094,2022,20,2022-10-30,Mexico City Grand Prix,210,haas,Haas F1 Team,0.0,16,0,0,15,0
1094,2022,20,2022-10-30,Mexico City Grand Prix,1,mclaren,McLaren,8.0,7,0,0,8,0
1094,2022,20,2022-10-30,Mexico City Grand Prix,131,mercedes,Mercedes,31.0,2,0,1,2,0
1094,2022,20,2022-10-30,Mexico City Grand Prix,9,red_bull,Red Bull,40.0,1,1,1,1,1
1094,2022,20,2022-10-30,Mexico City Grand Prix,3,williams,Williams,0.0,12,0,0,19,0
1095,2022,21,2022-11-13,São Paulo Grand Prix,51,alfa,Alfa Romeo,2.0,9,0,0,17,0
1095,2022,21,2022-11-13,São Paulo Grand Prix,213,alphatauri,AlphaTauri,0.0,14,0,0,12,0
1095,2022,21,2022-11-13,São Paulo Grand Prix,214,alpine,Alpine F1 Team,14.0,5,0,0,6,0
1095,2022,21,2022-11-13,São Paulo Grand Prix,117,aston_martin,Aston Martin,1.0,10,0,0,13,0
1095,2022,21,2022-11-13,São Paulo Grand Prix,6,ferrari,Ferrari,37.0,3,0,1,5,0
1095,2022,21,2022-11-13,São Paulo Grand Prix,210,haas,Haas F1 Team,1.0,13,0,0,1,1
1095,2022,21,2022-11-13,São Paulo Grand Prix,1,mclaren,McLaren,2.0,18,0,0,4,0
1095,2022,21,2022-11-13,São Paulo Grand Prix,131,mercedes,Mercedes,58.0,1,1,1,3,0
1095,2022,21,2022-11-13,São Paulo Grand Prix,9,red_bull,Red Bull,23.0,6,0,0,2,0
1095,2022,21,2022-11-13,São Paulo Grand Prix,3,williams,Williams,0.0,15,0,0,11,0
1096,2022,22,2022-11-20,Abu Dhabi Grand Prix,51,alfa,Alfa Romeo,0.0,12,0,0,15,0
1096,2022,22,2022-11-20,Abu Dhabi Grand Prix,213,alphatauri,AlphaTauri,0.0,11,0,0,12,0
1096,2022,22,2022-11-20,Abu Dhabi Grand Prix,214,alpine,Alpine F1 Team,6.0,7,0,0,8,0
1096,2022,22,2022-11-20,Abu Dhabi Grand Prix,117,aston_martin,Aston Martin,5.0,8,0,0,9,0
1096,2022,22,2022-11-20,Abu Dhabi Grand Prix,6,ferrari,Ferrari,30.0,2,0,1,3,0
1096,2022,22,2022-11-20,Abu Dhabi Grand Prix,210,haas,Haas F1 Team,0.0,16,0,0,13,0
1096,2022,22,2022-11-20,Abu Dhabi Grand Prix,1,mclaren,McLaren,11.0,6,0,0,7,0
1096,2022,22,2022-11-20,Abu Dhabi Grand Prix,131,mercedes,Mercedes,10.0,5,0,0,5,0
1096,2022,22,2022-11-20,Abu Dhabi Grand Prix,9,red_bull,Red Bull,40.0,1,1,1,1,1
1096,2022,22,2022-11-20,Abu Dhabi Grand Prix,3,williams,Williams,0.0,13,0,0,19,0
1098,2023,1,2023-03-05,Bahrain Grand Prix,51,alfa,Alfa Romeo,4.0,8,0,0,12,0
1098,2023,1,2023-03-05,Bahrain Grand Prix,213,alphatauri,AlphaTauri,0.0,11,0,0,14,0
1098,2023,1,2023-03-05,Bahrain Grand Prix,214,alpine,Alpine F1 Team,2.0,9,0,0,9,0
1098,2023,1,2023-03-05,Bahrain Grand Prix,117,aston_martin,Aston Martin,23.0,3,0,1,5,0
1098,2023,1,2023-03-05,Bahrain Grand Prix,6,ferrari,Ferrari,12.0,4,0,0,3,0
1098,2023,1,2023-03-05,Bahrain Grand Prix,210,haas,Haas F1 Team,0.0,13,0,0,10,0
1098,2023,1,2023-03-05,Bahrain Grand Prix,1,mclaren,McLaren,0.0,17,0,0,11,0
1098,2023,1,2023-03-05,Bahrain Grand Prix,131,mercedes,Mercedes,16.0,5,0,0,6,0
1098,2023,1,2023-03-05,Bahrain Grand Prix,9,red_bull,Red Bull,43.0,1,1,1,1,1
1098,2023,1,2023-03-05,Bahrain Grand Prix,3,williams,Williams,1.0,10,0,0,15,0
1099,2023,2,2023-03-19,Saudi Arabian Grand Prix,51,alfa,Alfa Romeo,0.0,13,0,0,12,0
1099,2023,2,2023-03-19,Saudi Arabian Grand Prix,213,alphatauri,AlphaTauri,0.0,11,0,0,16,0
1099,2023,2,2023-03-19,Saudi Arabian Grand Prix,214,alpine,Alpine F1 Team,6.0,8,0,0,7,0
1099,2023,2,2023-03-19,Saudi Arabian Grand Prix,117,aston_martin,Aston Martin,15.0,3,0,1,3,0
1099,2023,2,2023-03-19,Saudi Arabian Grand Prix,6,ferrari,Ferrari,14.0,6,0,0,2,0
1099,2023,2,2023-03-19,Saudi Arabian Grand Prix,210,haas,Haas F1 Team,1.0,10,0,0,11,0
1099,2023,2,2023-03-19,Saudi Arabian Grand Prix,1,mclaren,McLaren,0.0,15,0,0,9,0
1099,2023,2,2023-03-19,Saudi Arabian Grand Prix,131,mercedes,Mercedes,22.0,4,0,0,4,0
1099,2023,2,2023-03-19,Saudi Arabian Grand Prix,9,red_bull,Red Bull,44.0,1,1,1,1,1
1099,2023,2,2023-03-19,Saudi Arabian Grand Prix,3,williams,Williams,0.0,16,0,0,17,0
1100,2023,3,2023-04-02,Australian Grand Prix,51,alfa,Alfa Romeo,2.0,9,0,0,17,0
1100,2023,3,2023-04-02,Australian Grand Prix,213,alphatauri,AlphaTauri,1.0,10,0,0,12,0
1100,2023,3,2023-04-02,Australian Grand Prix,214,alpine,Alpine F1 Team,0.0,13,0,0,9,0
1100,2023,3,2023-04-02,Australian Grand Prix,117,aston_martin,Aston Martin,27.0,3,0,1,4,0
1100,2023,3,2023-04-02,Australian Grand Prix,6,ferrari,Ferrari,0.0,12,0,0,5,0
1100,2023,3,2023-04-02,Australian Grand Prix,210,haas,Haas F1 Team,6.0,7,0,0,10,0
1100,2023,3,2023-04-02,Australian Grand Prix,1,mclaren,McLaren,12.0,6,0,0,13,0
1100,2023,3,2023-04-02,Australian Grand Prix,131,mercedes,Mercedes,18.0,2,0,1,2,0
1100,2023,3,2023-04-02,Australian Grand Prix,9,red_bull,Red Bull,36.0,1,1,1,1,1
1100,2023,3,2023-04-02,Australian Grand Prix,3,williams,Williams,0.0,16,0,0,8,0
1101,2023,4,2023-04-30,Azerbaijan Grand Prix,51,alfa,Alfa Romeo,0.0,18,0,0,14,0
1101,2023,4,2023-04-30,Azerbaijan Grand Prix,213,alphatauri,AlphaTauri,1.0,10,0,0,8,0
1101,2023,4,2023-04-30,Azerbaijan Grand Prix,214,alpine,Alpine F1 Team,0.0,14,0,0,12,0
1101,2023,4,2023-04-30,Azerbaijan Grand Prix,117,aston_martin,Aston Martin,22.0,4,0,0,6,0
1101,2023,4,2023-04-30,Azerbaijan Grand Prix,6,ferrari,Ferrari,36.0,3,0,1,1,1
1101,2023,4,2023-04-30,Azerbaijan Grand Prix,210,haas,Haas F1 Team,0.0,13,0,0,17,0
1101,2023,4,2023-04-30,Azerbaijan Grand Prix,1,mclaren,McLaren,2.0,9,0,0,7,0
1101,2023,4,2023-04-30,Azerbaijan Grand Prix,131,mercedes,Mercedes,20.0,6,0,0,5,0
1101,2023,4,2023-04-30,Azerbaijan Grand Prix,9,red_bull,Red Bull,57.0,1,1,1,2,0
1101,2023,4,2023-04-30,Azerbaijan Grand Prix,3,williams,Williams,0.0,12,0,0,13,0
1102,2023,5,2023-05-07,Miami Grand Prix,51,alfa,Alfa Romeo,0.0,13,0,0,10,0
1102,2023,5,2023-05-07,Miami Grand Prix,213,alphatauri,AlphaTauri,0.0,11,0,0,15,0
1102,2023,5,2023-05-07,Miami Grand Prix,214,alpine,Alpine F1 Team,6.0,8,0,0,5,0
1102,2023,5,2023-05-07,Miami Grand Prix,117,aston_martin,Aston Martin,15.0,3,0,1,2,0
1102,2023,5,2023-05-07,Miami Grand Prix,6,ferrari,Ferrari,16.0,5,0,0,3,0
1102,2023,5,2023-05-07,Miami Grand Prix,210,haas,Haas F1 Team,1.0,10,0,0,4,0
1102,2023,5,2023-05-07,Miami Grand Prix,1,mclaren,McLaren,0.0,17,0,0,16,0
1102,2023,5,2023-05-07,Miami Grand Prix,131,mercedes,Mercedes,20.0,4,0,0,6,0
1102,2023,5,2023-05-07,Miami Grand Prix,9,red_bull,Red Bull,44.0,1,1,1,1,1
1102,2023,5,2023-05-07,Miami Grand Prix,3,williams,Williams,0.0,14,0,0,11,0
1104,2023,6,2023-05-28,Monaco Grand Prix,51,alfa,Alfa Romeo,0.0,11,0,0,15,0
1104,2023,6,2023-05-28,Monaco Grand Prix,213,alphatauri,AlphaTauri,0.0,12,0,0,9,0
1104,2023,6,2023-05-28,Monaco Grand Prix,214,alpine,Alpine F1 Team,21.0,3,0,1,4,0
1104,2023,6,2023-05-28,Monaco Grand Prix,117,aston_martin,Aston Martin,18.0,2,0,1,2,0
1104,2023,6,2023-05-28,Monaco Grand Prix,6,ferrari,Ferrari,12.0,6,0,0,3,0
1104,2023,6,2023-05-28,Monaco Grand Prix,210,haas,Haas F1 Team,0.0,17,0,0,17,0
1104,2023,6,2023-05-28,Monaco Grand Prix,1,mclaren,McLaren,3.0,9,0,0,10,0
1104,2023,6,2023-05-28,Monaco Grand Prix,131,mercedes,Mercedes,23.0,4,0,0,6,0
1104,2023,6,2023-05-28,Monaco Grand Prix,9,red_bull,Red Bull,25.0,1,1,1,1,1
1104,2023,6,2023-05-28,Monaco Grand Prix,3,williams,Williams,0.0,14,0,0,13,0
1105,2023,7,2023-06-04,Spanish Grand Prix,51,alfa,Alfa Romeo,2.0,9,0,0,13,0
1105,2023,7,2023-06-04,Spanish Grand Prix,213,alphatauri,AlphaTauri,0.0,12,0,0,14,0
1105,2023,7,2023-06-04,Spanish Grand Prix,214,alpine,Alpine F1 Team,5.0,8,0,0,4,0
1105,2023,7,2023-06-04,Spanish Grand Prix,117,aston_martin,Aston Martin,14.0,6,0,0,6,0
1105,2023,7,2023-06-04,Spanish Grand Prix,6,ferrari,Ferrari,10.0,5,0,0,2,0
1105,2023,7,2023-06-04,Spanish Grand Prix,210,haas,Haas F1 Team,0.0,15,0,0,8,0
1105,2023,7,2023-06-04,Spanish Grand Prix,1,mclaren,McLaren,0.0,13,0,0,3,0
1105,2023,7,2023-06-04,Spanish Grand Prix,131,mercedes,Mercedes,33.0,2,0,1,5,0
1105,2023,7,2023-06-04,Spanish Grand Prix,9,red_bull,Red Bull,38.0,1,1,1,1,1
1105,2023,7,2023-06-04,Spanish Grand Prix,3,williams,Williams,0.0,16,0,0,18,0
1106,2023,8,2023-06-18,Canadian Grand Prix,51,alfa,Alfa Romeo,1.0,10,0,0,15,0
1106,2023,8,2023-06-18,Canadian Grand Prix,213,alphatauri,AlphaTauri,0.0,14,0,0,16,0
1106,2023,8,2023-06-18,Canadian Grand Prix,214,alpine,Alpine F1 Team,4.0,8,0,0,6,0
1106,2023,8,2023-06-18,Canadian Grand Prix,117,aston_martin,Aston Martin,20.0,2,0,1,3,0
1106,2023,8,2023-06-18,Canadian Grand Prix,6,ferrari,Ferrari,22.0,4,0,0,8,0
1106,2023,8,2023-06-18,Canadian Grand Prix,210,haas,Haas F1 Team,0.0,15,0,0,2,0
1106,2023,8,2023-06-18,Canadian Grand Prix,1,mclaren,McLaren,0.0,11,0,0,7,0
1106,2023,8,2023-06-18,Canadian Grand Prix,131,mercedes,Mercedes,15.0,3,0,1,4,0
1106,2023,8,2023-06-18,Canadian Grand Prix,9,red_bull,Red Bull,34.0,1,1,1,1,1
1106,2023,8,2023-06-18,Canadian Grand Prix,3,williams,Williams,6.0,7,0,0,10,0
1107,2023,9,2023-07-02,Austrian Grand Prix,51,alfa,Alfa Romeo,0.0,12,0,0,14,0
1107,2023,9,2023-07-02,Austrian Grand Prix,213,alphatauri,AlphaTauri,0.0,17,0,0,16,0
1107,2023,9,2023-07-02,Austrian Grand Prix,214,alpine,Alpine F1 Team,3.0,10,0,0,9,0
1107,2023,9,2023-07-02,Austrian Grand Prix,117,aston_martin,Aston Martin,21.0,5,0,0,6,0
1107,2023,9,2023-07-02,Austrian Grand Prix,6,ferrari,Ferrari,32.0,2,0,1,2,0
1107,2023,9,2023-07-02,Austrian Grand Prix,210,haas,Haas F1 Team,3.0,18,0,0,8,0
1107,2023,9,2023-07-02,Austrian Grand Prix,1,mclaren,McLaren,12.0,4,0,0,4,0
1107,2023,9,2023-07-02,Austrian Grand Prix,131,mercedes,Mercedes,11.0,7,0,0,5,0
1107,2023,9,2023-07-02,Austrian Grand Prix,9,red_bull,Red Bull,56.0,1,1,1,1,1
1107,2023,9,2023-07-02,Austrian Grand Prix,3,williams,Williams,0.0,11,0,0,10,0
1108,2023,10,2023-07-09,British Grand Prix,51,alfa,Alfa Romeo,0.0,12,0,0,15,0
1108,2023,10,2023-07-09,British Grand Prix,213,alphatauri,AlphaTauri,0.0,16,0,0,17,0
1108,2023,10,2023-07-09,British Grand Prix,214,alpine,Alpine F1 Team,0.0,18,0,0,10,0
1108,2023,10,2023-07-09,British Grand Prix,117,aston_martin,Aston Martin,6.0,7,0,0,9,0
1108,2023,10,2023-07-09,British Grand Prix,6,ferrari,Ferrari,3.0,9,0,0,4,0
1108,2023,10,2023-07-09,British Grand Prix,210,haas,Haas F1 Team,0.0,13,0,0,11,0
1108,2023,10,2023-07-09,British Grand Prix,1,mclaren,McLaren,30.0,2,0,1,2,0
1108,2023,10,2023-07-09,British Grand Prix,131,mercedes,Mercedes,25.0,3,0,1,6,0
1108,2023,10,2023-07-09,British Grand Prix,9,red_bull,Red Bull,34.0,1,1,1,1,1
1108,2023,10,2023-07-09,British Grand Prix,3,williams,Williams,4.0,8,0,0,8,0
1109,2023,11,2023-07-23,Hungarian Grand Prix,51,alfa,Alfa Romeo,0.0,12,0,0,5,0
1109,2023,11,2023-07-23,Hungarian Grand Prix,213,alphatauri,AlphaTauri,0.0,13,0,0,13,0
1109,2023,11,2023-07-23,Hungarian Grand Prix,214,alpine,Alpine F1 Team,0.0,19,0,0,12,0
1109,2023,11,2023-07-23,Hungarian Grand Prix,117,aston_martin,Aston Martin,3.0,9,0,0,8,0
1109,2023,11,2023-07-23,Hungarian Grand Prix,6,ferrari,Ferrari,10.0,7,0,0,6,0
1109,2023,11,2023-07-23,Hungarian Grand Prix,210,haas,Haas F1 Team,0.0,14,0,0,10,0
1109,2023,11,2023-07-23,Hungarian Grand Prix,1,mclaren,McLaren,28.0,2,0,1,3,0
1109,2023,11,2023-07-23,Hungarian Grand Prix,131,mercedes,Mercedes,20.0,4,0,0,1,1
1109,2023,11,2023-07-23,Hungarian Grand Prix,9,red_bull,Red Bull,41.0,1,1,1,2,0
1109,2023,11,2023-07-23,Hungarian Grand Prix,3,williams,Williams,0.0,11,0,0,16,0
1110,2023,12,2023-07-30,Belgian Grand Prix,51,alfa,Alfa Romeo,0.0,12,0,0,14,0
1110,2023,12,2023-07-30,Belgian Grand Prix,213,alphatauri,AlphaTauri,1.0,10,0,0,11,0
1110,2023,12,2023-07-30,Belgian Grand Prix,214,alpine,Alpine F1 Team,10.0,8,0,0,12,0
1110,2023,12,2023-07-30,Belgian Grand Prix,117,aston_martin,Aston Martin,12.0,5,0,0,9,0
1110,2023,12,2023-07-30,Belgian Grand Prix,6,ferrari,Ferrari,24.0,3,0,1,2,0
1110,2023,12,2023-07-30,Belgian Grand Prix,210,haas,Haas F1 Team,0.0,15,0,0,13,0
1110,2023,12,2023-07-30,Belgian Grand Prix,1,mclaren,McLaren,16.0,7,0,0,6,0
1110,2023,12,2023-07-30,Belgian Grand Prix,131,mercedes,Mercedes,24.0,4,0,0,4,0
1110,2023,12,2023-07-30,Belgian Grand Prix,9,red_bull,Red Bull,51.0,1,1,1,1,1
1110,2023,12,2023-07-30,Belgian Grand Prix,3,williams,Williams,0.0,14,0,0,16,0
1111,2023,13,2023-08-27,Dutch Grand Prix,51,alfa,Alfa Romeo,0.0,14,0,0,16,0
1111,2023,13,2023-08-27,Dutch Grand Prix,213,alphatauri,AlphaTauri,0.0,13,0,0,14,0
1111,2023,13,2023-08-27,Dutch Grand Prix,214,alpine,Alpine F1 Team,16.0,3,0,1,12,0
1111,2023,13,2023-08-27,Dutch Grand Prix,117,aston_martin,Aston Martin,19.0,2,0,1,5,0
1111,2023,13,2023-08-27,Dutch Grand Prix,6,ferrari,Ferrari,10.0,5,0,0,6,0
1111,2023,13,2023-08-27,Dutch Grand Prix,210,haas,Haas F1 Team,0.0,12,0,0,15,0
1111,2023,13,2023-08-27,Dutch Grand Prix,1,mclaren,McLaren,8.0,7,0,0,2,0
1111,2023,13,2023-08-27,Dutch Grand Prix,131,mercedes,Mercedes,8.0,6,0,0,3,0
1111,2023,13,2023-08-27,Dutch Grand Prix,9,red_bull,Red Bull,37.0,1,1,1,1,1
1111,2023,13,2023-08-27,Dutch Grand Prix,3,williams,Williams,4.0,8,0,0,4,0
1112,2023,14,2023-09-03,Italian Grand Prix,51,alfa,Alfa Romeo,1.0,10,0,0,14,0
1112,2023,14,2023-09-03,Italian Grand Prix,213,alphatauri,AlphaTauri,0.0,11,0,0,11,0
1112,2023,14,2023-09-03,Italian Grand Prix,214,alpine,Alpine F1 Team,0.0,15,0,0,17,0
1112,2023,14,2023-09-03,Italian Grand Prix,117,aston_martin,Aston Martin,2.0,9,0,0,10,0
1112,2023,14,2023-09-03,Italian Grand Prix,6,ferrari,Ferrari,27.0,3,0,1,1,1
1112,2023,14,2023-09-03,Italian Grand Prix,210,haas,Haas F1 Team,0.0,17,0,0,13,0
1112,2023,14,2023-09-03,Italian Grand Prix,1,mclaren,McLaren,4.0,8,0,0,7,0
1112,2023,14,2023-09-03,Italian Grand Prix,131,mercedes,Mercedes,18.0,5,0,0,4,0
1112,2023,14,2023-09-03,Italian Grand Prix,9,red_bull,Red Bull,43.0,1,1,1,2,0
1112,2023,14,2023-09-03,Italian Grand Prix,3,williams,Williams,6.0,7,0,0,6,0
1113,2023,15,2023-09-17,Singapore Grand Prix,51,alfa,Alfa Romeo,0.0,12,0,0,16,0
1113,2023,15,2023-09-17,Singapore Grand Prix,213,alphatauri,AlphaTauri,2.0,9,0,0,10,0
1113,2023,15,2023-09-17,Singapore Grand Prix,214,alpine,Alpine F1 Team,8.0,6,0,0,8,0
1113,2023,15,2023-09-17,Singapore Grand Prix,117,aston_martin,Aston Martin,0.0,15,0,0,7,0
1113,2023,15,2023-09-17,Singapore Grand Prix,6,ferrari,Ferrari,37.0,1,1,1,1,1
1113,2023,15,2023-09-17,Singapore Grand Prix,210,haas,Haas F1 Team,1.0,10,0,0,6,0
1113,2023,15,2023-09-17,Singapore Grand Prix,1,mclaren,McLaren,24.0,2,0,1,4,0
1113,2023,15,2023-09-17,Singapore Grand Prix,131,mercedes,Mercedes,16.0,3,0,1,2,0
1113,2023,15,2023-09-17,Singapore Grand Prix,9,red_bull,Red Bull,14.0,5,0,0,11,0
1113,2023,15,2023-09-17,Singapore Grand Prix,3,williams,Williams,0.0,11,0,0,14,0
1114,2023,16,2023-09-24,Japanese Grand Prix,51,alfa,Alfa Romeo,0.0,13,0,0,16,0
1114,2023,16,2023-09-24,Japanese Grand Prix,213,alphatauri,AlphaTauri,0.0,11,0,0,9,0
1114,2023,16,2023-09-24,Japanese Grand Prix,214,alpine,Alpine F1 Team,3.0,9,0,0,12,0
1114,2023,16,2023-09-24,Japanese Grand Prix,117,aston_martin,Aston Martin,4.0,8,0,0,10,0
1114,2023,16,2023-09-24,Japanese Grand Prix,6,ferrari,Ferrari,20.0,4,0,0,4,0
1114,2023,16,2023-09-24,Japanese Grand Prix,210,haas,Haas F1 Team,0.0,14,0,0,15,0
1114,2023,16,2023-09-24,Japanese Grand Prix,1,mclaren,McLaren,33.0,2,0,1,2,0
1114,2023,16,2023-09-24,Japanese Grand Prix,131,mercedes,Mercedes,16.0,5,0,0,7,0
1114,2023,16,2023-09-24,Japanese Grand Prix,9,red_bull,Red Bull,26.0,1,1,1,1,1
1114,2023,16,2023-09-24,Japanese Grand Prix,3,williams,Williams,0.0,16,0,0,13,0
1115,2023,17,2023-10-08,Qatar Grand Prix,51,alfa,Alfa Romeo,6.0,8,0,0,9,0
1115,2023,17,2023-10-08,Qatar Grand Prix,213,alphatauri,AlphaTauri,0.0,15,0,0,11,0
1115,2023,17,2023-10-08,Qatar Grand Prix,214,alpine,Alpine F1 Team,6.0,7,0,0,7,0
1115,2023,17,2023-10-08,Qatar Grand Prix,117,aston_martin,Aston Martin,9.0,6,0,0,4,0
1115,2023,17,2023-10-08,Qatar Grand Prix,6,ferrari,Ferrari,13.0,5,0,0,5,0
1115,2023,17,2023-10-08,Qatar Grand Prix,210,haas,Haas F1 Team,0.0,14,0,0,15,0
1115,2023,17,2023-10-08,Qatar Grand Prix,1,mclaren,McLaren,47.0,2,0,1,6,0
1115,2023,17,2023-10-08,Qatar Grand Prix,131,mercedes,Mercedes,21.0,4,0,0,2,0
1115,2023,17,2023-10-08,Qatar Grand Prix,9,red_bull,Red Bull,34.0,1,1,1,1,1
1115,2023,17,2023-10-08,Qatar Grand Prix,3,williams,Williams,2.0,13,0,0,14,0
1116,2023,18,2023-10-22,United States Grand Prix,51,alfa,Alfa Romeo,0.0,12,0,0,12,0
1116,2023,18,2023-10-22,United States Grand Prix,213,alphatauri,AlphaTauri,5.0,8,0,0,11,0
1116,2023,18,2023-10-22,United States Grand Prix,214,alpine,Alpine F1 Team,10.0,6,0,0,7,0
1116,2023,18,2023-10-22,United States Grand Prix,117,aston_martin,Aston Martin,6.0,7,0,0,17,0
1116,2023,18,2023-10-22,United States Grand Prix,6,ferrari,Ferrari,24.0,3,0,1,1,1
1116,2023,18,2023-10-22,United States Grand Prix,210,haas,Haas F1 Team,0.0,11,0,0,14,0
1116,2023,18,2023-10-22,United States Grand Prix,1,mclaren,McLaren,23.0,2,0,1,2,0
1116,2023,18,2023-10-22,United States Grand Prix,131,mercedes,Mercedes,18.0,5,0,0,3,0
1116,2023,18,2023-10-22,United States Grand Prix,9,red_bull,Red Bull,49.0,1,1,1,6,0
1116,2023,18,2023-10-22,United States Grand Prix,3,williams,Williams,3.0,9,0,0,18,0
1117,2023,19,2023-10-29,Mexico City Grand Prix,51,alfa,Alfa Romeo,0.0,14,0,0,9,0
1117,2023,19,2023-10-29,Mexico City Grand Prix,213,alphatauri,AlphaTauri,6.0,7,0,0,4,0
1117,2023,19,2023-10-29,Mexico City Grand Prix,214,alpine,Alpine F1 Team,1.0,10,0,0,11,0
1117,2023,19,2023-10-29,Mexico City Grand Prix,117,aston_martin,Aston Martin,0.0,17,0,0,13,0
1117,2023,19,2023-10-29,Mexico City Grand Prix,6,ferrari,Ferrari,27.0,3,0,1,1,1
1117,2023,19,2023-10-29,Mexico City Grand Prix,210,haas,Haas F1 Team,0.0,13,0,0,12,0
1117,2023,19,2023-10-29,Mexico City Grand Prix,1,mclaren,McLaren,14.0,5,0,0,7,0
1117,2023,19,2023-10-29,Mexico City Grand Prix,131,mercedes,Mercedes,27.0,2,0,1,6,0
1117,2023,19,2023-10-29,Mexico City Grand Prix,9,red_bull,Red Bull,25.0,1,1,1,3,0
1117,2023,19,2023-10-29,Mexico City Grand Prix,3,williams,Williams,2.0,9,0,0,14,0
1118,2023,20,2023-11-05,São Paulo Grand Prix,51,alfa,Alfa Romeo,0.0,16,0,0,18,0
1118,2023,20,2023-11-05,São Paulo Grand Prix,213,alphatauri,AlphaTauri,5.0,9,0,0,16,0
1118,2023,20,2023-11-05,São Paulo Grand Prix,214,alpine,Alpine F1 Team,7.0,7,0,0,12,0
1118,2023,20,2023-11-05,São Paulo Grand Prix,117,aston_martin,Aston Martin,25.0,3,0,1,3,0
1118,2023,20,2023-11-05,São Paulo Grand Prix,6,ferrari,Ferrari,13.0,6,0,0,2,0
1118,2023,20,2023-11-05,São Paulo Grand Prix,210,haas,Haas F1 Team,0.0,12,0,0,11,0
1118,2023,20,2023-11-05,São Paulo Grand Prix,1,mclaren,McLaren,26.0,2,0,1,7,0
1118,2023,20,2023-11-05,São Paulo Grand Prix,131,mercedes,Mercedes,11.0,8,0,0,5,0
1118,2023,20,2023-11-05,São Paulo Grand Prix,9,red_bull,Red Bull,51.0,1,1,1,1,1
1118,2023,20,2023-11-05,São Paulo Grand Prix,3,williams,Williams,0.0,11,0,0,15,0
1119,2023,21,2023-11-19,Las Vegas Grand Prix,51,alfa,Alfa Romeo,0.0,15,0,0,8,0
1119,2023,21,2023-11-19,Las Vegas Grand Prix,213,alphatauri,AlphaTauri,0.0,14,0,0,15,0
1119,2023,21,2023-11-19,Las Vegas Grand Prix,214,alpine,Alpine F1 Team,12.0,4,0,0,5,0
1119,2023,21,2023-11-19,Las Vegas Grand Prix,117,aston_martin,Aston Martin,12.0,5,0,0,10,0
1119,2023,21,2023-11-19,Las Vegas Grand Prix,6,ferrari,Ferrari,26.0,2,0,1,1,1
1119,2023,21,2023-11-19,Las Vegas Grand Prix,210,haas,Haas F1 Team,0.0,13,0,0,9,0
1119,2023,21,2023-11-19,Las Vegas Grand Prix,1,mclaren,McLaren,2.0,10,0,0,16,0
1119,2023,21,2023-11-19,Las Vegas Grand Prix,131,mercedes,Mercedes,10.0,7,0,0,4,0
1119,2023,21,2023-11-19,Las Vegas Grand Prix,9,red_bull,Red Bull,40.0,1,1,1,3,0
1119,2023,21,2023-11-19,Las Vegas Grand Prix,3,williams,Williams,0.0,12,0,0,6,0
1120,2023,22,2023-11-26,Abu Dhabi Grand Prix,51,alfa,Alfa Romeo,0.0,17,0,0,18,0
1120,2023,22,2023-11-26,Abu Dhabi Grand Prix,213,alphatauri,AlphaTauri,4.0,8,0,0,6,0
1120,2023,22,2023-11-26,Abu Dhabi Grand Prix,214,alpine,Alpine F1 Team,0.0,12,0,0,10,0
1120,2023,22,2023-11-26,Abu Dhabi Grand Prix,117,aston_martin,Aston Martin,7.0,7,0,0,7,0
1120,2023,22,2023-11-26,Abu Dhabi Grand Prix,6,ferrari,Ferrari,18.0,2,0,1,2,0
1120,2023,22,2023-11-26,Abu Dhabi Grand Prix,210,haas,Haas F1 Team,0.0,15,0,0,8,0
1120,2023,22,2023-11-26,Abu Dhabi Grand Prix,1,mclaren,McLaren,18.0,5,0,0,3,0
1120,2023,22,2023-11-26,Abu Dhabi Grand Prix,131,mercedes,Mercedes,17.0,3,0,1,4,0
1120,2023,22,2023-11-26,Abu Dhabi Grand Prix,9,red_bull,Red Bull,38.0,1,1,1,1,1
1120,2023,22,2023-11-26,Abu Dhabi Grand Prix,3,williams,Williams,0.0,14,0,0,14,0
1121,2024,1,2024-03-02,Bahrain Grand Prix,214,alpine,Alpine F1 Team,0.0,17,0,0,19,0
1121,2024,1,2024-03-02,Bahrain Grand Prix,117,aston_martin,Aston Martin,3.0,9,0,0,6,0
1121,2024,1,2024-03-02,Bahrain Grand Prix,6,ferrari,Ferrari,27.0,3,0,1,2,0
1121,2024,1,2024-03-02,Bahrain Grand Prix,210,haas,Haas F1 Team,0.0,12,0,0,10,0
1121,2024,1,2024-03-02,Bahrain Grand Prix,1,mclaren,McLaren,12.0,6,0,0,7,0
1121,2024,1,2024-03-02,Bahrain Grand Prix,131,mercedes,Mercedes,16.0,5,0,0,3,0
1121,2024,1,2024-03-02,Bahrain Grand Prix,215,rb,RB F1 Team,0.0,13,0,0,11,0
1121,2024,1,2024-03-02,Bahrain Grand Prix,9,red_bull,Red Bull,44.0,1,1,1,1,1
1121,2024,1,2024-03-02,Bahrain Grand Prix,15,sauber,Sauber,0.0,11,0,0,16,0
1121,2024,1,2024-03-02,Bahrain Grand Prix,3,williams,Williams,0.0,15,0,0,13,0
1122,2024,2,2024-03-09,Saudi Arabian Grand Prix,214,alpine,Alpine F1 Team,0.0,13,0,0,17,0
1122,2024,2,2024-03-09,Saudi Arabian Grand Prix,117,aston_martin,Aston Martin,10.0,5,0,0,4,0
1122,2024,2,2024-03-09,Saudi Arabian Grand Prix,6,ferrari,Ferrari,22.0,3,0,1,2,0
1122,2024,2,2024-03-09,Saudi Arabian Grand Prix,210,haas,Haas F1 Team,1.0,10,0,0,13,0
1122,2024,2,2024-03-09,Saudi Arabian Grand Prix,1,mclaren,McLaren,16.0,4,0,0,5,0
1122,2024,2,2024-03-09,Saudi Arabian Grand Prix,131,mercedes,Mercedes,10.0,6,0,0,7,0
1122,2024,2,2024-03-09,Saudi Arabian Grand Prix,215,rb,RB F1 Team,0.0,15,0,0,9,0
1122,2024,2,2024-03-09,Saudi Arabian Grand Prix,9,red_bull,Red Bull,43.0,1,1,1,1,1
1122,2024,2,2024-03-09,Saudi Arabian Grand Prix,15,sauber,Sauber,0.0,17,0,0,16,0
1122,2024,2,2024-03-09,Saudi Arabian Grand Prix,3,williams,Williams,0.0,11,0,0,12,0
1123,2024,3,2024-03-24,Australian Grand Prix,214,alpine,Alpine F1 Team,0.0,13,0,0,15,0
1123,2024,3,2024-03-24,Australian Grand Prix,117,aston_martin,Aston Martin,12.0,6,0,0,9,0
1123,2024,3,2024-03-24,Australian Grand Prix,6,ferrari,Ferrari,44.0,1,1,1,2,0
1123,2024,3,2024-03-24,Australian Grand Prix,210,haas,Haas F1 Team,3.0,9,0,0,14,0
1123,2024,3,2024-03-24,Australian Grand Prix,1,mclaren,McLaren,27.0,3,0,1,4,0
1123,2024,3,2024-03-24,Australian Grand Prix,131,mercedes,Mercedes,0.0,17,0,0,7,0
1123,2024,3,2024-03-24,Australian Grand Prix,215,rb,RB F1 Team,6.0,7,0,0,8,0
1123,2024,3,2024-03-24,Australian Grand Prix,9,red_bull,Red Bull,10.0,5,0,0,1,1
1123,2024,3,2024-03-24,Australian Grand Prix,15,sauber,Sauber,0.0,14,0,0,13,0
1123,2024,3,2024-03-24,Australian Grand Prix,3,williams,Williams,0.0,11,0,0,12,0
1124,2024,4,2024-04-07,Japanese Grand Prix,214,alpine,Alpine F1 Team,0.0,15,0,0,15,0
1124,2024,4,2024-04-07,Japanese Grand Prix,117,aston_martin,Aston Martin,8.0,6,0,0,5,0
1124,2024,4,2024-04-07,Japanese Grand Prix,6,ferrari,Ferrari,27.0,3,0,1,4,0
1124,2024,4,2024-04-07,Japanese Grand Prix,210,haas,Haas F1 Team,0.0,11,0,0,12,0
1124,2024,4,2024-04-07,Japanese Grand Prix,1,mclaren,McLaren,14.0,5,0,0,3,0
1124,2024,4,2024-04-07,Japanese Grand Prix,131,mercedes,Mercedes,8.0,7,0,0,7,0
1124,2024,4,2024-04-07,Japanese Grand Prix,215,rb,RB F1 Team,1.0,10,0,0,10,0
1124,2024,4,2024-04-07,Japanese Grand Prix,9,red_bull,Red Bull,44.0,1,1,1,1,1
1124,2024,4,2024-04-07,Japanese Grand Prix,15,sauber,Sauber,0.0,14,0,0,13,0
1124,2024,4,2024-04-07,Japanese Grand Prix,3,williams,Williams,0.0,17,0,0,14,0
1125,2024,5,2024-04-21,Chinese Grand Prix,214,alpine,Alpine F1 Team,0.0,11,0,0,13,0
1125,2024,5,2024-04-21,Chinese Grand Prix,117,aston_martin,Aston Martin,7.0,7,0,0,3,0
1125,2024,5,2024-04-21,Chinese Grand Prix,6,ferrari,Ferrari,31.0,4,0,0,6,0
1125,2024,5,2024-04-21,Chinese Grand Prix,210,haas,Haas F1 Team,1.0,10,0,0,9,0
1125,2024,5,2024-04-21,Chinese Grand Prix,1,mclaren,McLaren,27.0,2,0,1,4,0
1125,2024,5,2024-04-21,Chinese Grand Prix,131,mercedes,Mercedes,18.0,6,0,0,8,0
1125,2024,5,2024-04-21,Chinese Grand Prix,215,rb,RB F1 Team,0.0,18,0,0,12,0
1125,2024,5,2024-04-21,Chinese Grand Prix,9,red_bull,Red Bull,54.0,1,1,1,1,1
1125,2024,5,2024-04-21,Chinese Grand Prix,15,sauber,Sauber,0.0,14,0,0,10,0
1125,2024,5,2024-04-21,Chinese Grand Prix,3,williams,Williams,0.0,12,0,0,14,0
1126,2024,6,2024-05-05,Miami Grand Prix,214,alpine,Alpine F1 Team,1.0,10,0,0,12,0
1126,2024,6,2024-05-05,Miami Grand Prix,117,aston_martin,Aston Martin,2.0,9,0,0,11,0
1126,2024,6,2024-05-05,Miami Grand Prix,6,ferrari,Ferrari,36.0,3,0,1,2,0
1126,2024,6,2024-05-05,Miami Grand Prix,210,haas,Haas F1 Team,2.0,11,0,0,9,0
1126,2024,6,2024-05-05,Miami Grand Prix,1,mclaren,McLaren,28.0,1,1,1,5,0
1126,2024,6,2024-05-05,Miami Grand Prix,131,mercedes,Mercedes,12.0,6,0,0,7,0
1126,2024,6,2024-05-05,Miami Grand Prix,215,rb,RB F1 Team,12.0,7,0,0,10,0
1126,2024,6,2024-05-05,Miami Grand Prix,9,red_bull,Red Bull,44.0,2,0,1,1,1
1126,2024,6,2024-05-05,Miami Grand Prix,15,sauber,Sauber,0.0,14,0,0,16,0
1126,2024,6,2024-05-05,Miami Grand Prix,3,williams,Williams,0.0,18,0,0,14,0
1127,2024,7,2024-05-19,Emilia Romagna Grand Prix,214,alpine,Alpine F1 Team,0.0,14,0,0,12,0
1127,2024,7,2024-05-19,Emilia Romagna Grand Prix,117,aston_martin,Aston Martin,2.0,9,0,0,13,0
1127,2024,7,2024-05-19,Emilia Romagna Grand Prix,6,ferrari,Ferrari,25.0,3,0,1,4,0
1127,2024,7,2024-05-19,Emilia Romagna Grand Prix,210,haas,Haas F1 Team,0.0,11,0,0,10,0
1127,2024,7,2024-05-19,Emilia Romagna Grand Prix,1,mclaren,McLaren,30.0,2,0,1,2,0
1127,2024,7,2024-05-19,Emilia Romagna Grand Prix,131,mercedes,Mercedes,15.0,6,0,0,6,0
1127,2024,7,2024-05-19,Emilia Romagna Grand Prix,215,rb,RB F1 Team,1.0,10,0,0,7,0
1127,2024,7,2024-05-19,Emilia Romagna Grand Prix,9,red_bull,Red Bull,29.0,1,1,1,1,1
1127,2024,7,2024-05-19,Emilia Romagna Grand Prix,15,sauber,Sauber,0.0,15,0,0,16,0
1127,2024,7,2024-05-19,Emilia Romagna Grand Prix,3,williams,Williams,0.0,17,0,0,14,0
1128,2024,8,2024-05-26,Monaco Grand Prix,214,alpine,Alpine F1 Team,1.0,10,0,0,10,0
1128,2024,8,2024-05-26,Monaco Grand Prix,117,aston_martin,Aston Martin,0.0,11,0,0,14,0
1128,2024,8,2024-05-26,Monaco Grand Prix,6,ferrari,Ferrari,40.0,1,1,1,1,1
1128,2024,8,2024-05-26,Monaco Grand Prix,210,haas,Haas F1 Team,0.0,19,0,0,12,0
1128,2024,8,2024-05-26,Monaco Grand Prix,1,mclaren,McLaren,30.0,2,0,1,2,0
1128,2024,8,2024-05-26,Monaco Grand Prix,131,mercedes,Mercedes,17.0,5,0,0,5,0
1128,2024,8,2024-05-26,Monaco Grand Prix,215,rb,RB F1 Team,4.0,8,0,0,8,0
1128,2024,8,2024-05-26,Monaco Grand Prix,9,red_bull,Red Bull,8.0,6,0,0,6,0
1128,2024,8,2024-05-26,Monaco Grand Prix,15,sauber,Sauber,0.0,13,0,0,19,0
1128,2024,8,2024-05-26,Monaco Grand Prix,3,williams,Williams,2.0,9,0,0,9,0
1129,2024,9,2024-06-09,Canadian Grand Prix,214,alpine,Alpine F1 Team,3.0,9,0,0,15,0
1129,2024,9,2024-06-09,Canadian Grand Prix,117,aston_martin,Aston Martin,14.0,6,0,0,6,0
1129,2024,9,2024-06-09,Canadian Grand Prix,6,ferrari,Ferrari,0.0,16,0,0,11,0
1129,2024,9,2024-06-09,Canadian Grand Prix,210,haas,Haas F1 Team,0.0,11,0,0,14,0
1129,2024,9,2024-06-09,Canadian Grand Prix,1,mclaren,McLaren,28.0,2,0,1,3,0
1129,2024,9,2024-06-09,Canadian Grand Prix,131,mercedes,Mercedes,28.0,3,0,1,1,1
1129,2024,9,2024-06-09,Canadian Grand Prix,215,rb,RB F1 Team,4.0,8,0,0,5,0
1129,2024,9,2024-06-09,Canadian Grand Prix,9,red_bull,Red Bull,25.0,1,1,1,2,0
1129,2024,9,2024-06-09,Canadian Grand Prix,15,sauber,Sauber,0.0,13,0,0,17,0
1129,2024,9,2024-06-09,Canadian Grand Prix,3,williams,Williams,0.0,17,0,0,10,0
1130,2024,10,2024-06-23,Spanish Grand Prix,214,alpine,Alpine F1 Team,3.0,9,0,0,7,0
1130,2024,10,2024-06-23,Spanish Grand Prix,117,aston_martin,Aston Martin,0.0,12,0,0,11,0
1130,2024,10,2024-06-23,Spanish Grand Prix,6,ferrari,Ferrari,18.0,5,0,0,5,0
1130,2024,10,2024-06-23,Spanish Grand Prix,210,haas,Haas F1 Team,0.0,11,0,0,13,0
1130,2024,10,2024-06-23,Spanish Grand Prix,1,mclaren,McLaren,25.0,2,0,1,1,1
1130,2024,10,2024-06-23,Spanish Grand Prix,131,mercedes,Mercedes,27.0,3,0,1,3,0
1130,2024,10,2024-06-23,Spanish Grand Prix,215,rb,RB F1 Team,0.0,15,0,0,17,0
1130,2024,10,2024-06-23,Spanish Grand Prix,9,red_bull,Red Bull,29.0,1,1,1,2,0
1130,2024,10,2024-06-23,Spanish Grand Prix,15,sauber,Sauber,0.0,13,0,0,12,0
1130,2024,10,2024-06-23,Spanish Grand Prix,3,williams,Williams,0.0,18,0,0,19,0
1131,2024,11,2024-06-30,Austrian Grand Prix,214,alpine,Alpine F1 Team,1.0,10,0,0,10,0
1131,2024,11,2024-06-30,Austrian Grand Prix,117,aston_martin,Aston Martin,0.0,13,0,0,15,0
1131,2024,11,2024-06-30,Austrian Grand Prix,6,ferrari,Ferrari,21.0,3,0,1,4,0
1131,2024,11,2024-06-30,Austrian Grand Prix,210,haas,Haas F1 Team,12.0,6,0,0,9,0
1131,2024,11,2024-06-30,Austrian Grand Prix,1,mclaren,McLaren,31.0,2,0,1,2,0
1131,2024,11,2024-06-30,Austrian Grand Prix,131,mercedes,Mercedes,45.0,1,1,1,3,0
1131,2024,11,2024-06-30,Austrian Grand Prix,215,rb,RB F1 Team,2.0,9,0,0,11,0
1131,2024,11,2024-06-30,Austrian Grand Prix,9,red_bull,Red Bull,25.0,5,0,0,1,1
1131,2024,11,2024-06-30,Austrian Grand Prix,15,sauber,Sauber,0.0,16,0,0,18,0
1131,2024,11,2024-06-30,Austrian Grand Prix,3,williams,Williams,0.0,15,0,0,16,0
1132,2024,12,2024-07-07,British Grand Prix,214,alpine,Alpine F1 Team,0.0,16,0,0,18,0
1132,2024,12,2024-07-07,British Grand Prix,117,aston_martin,Aston Martin,10.0,7,0,0,8,0
1132,2024,12,2024-07-07,British Grand Prix,6,ferrari,Ferrari,11.0,5,0,0,7,0
1132,2024,12,2024-07-07,British Grand Prix,210,haas,Haas F1 Team,8.0,6,0,0,6,0
1132,2024,12,2024-07-07,British Grand Prix,1,mclaren,McLaren,27.0,3,0,1,3,0
1132,2024,12,2024-07-07,British Grand Prix,131,mercedes,Mercedes,25.0,1,1,1,1,1
1132,2024,12,2024-07-07,British Grand Prix,215,rb,RB F1 Team,1.0,10,0,0,13,0
1132,2024,12,2024-07-07,British Grand Prix,9,red_bull,Red Bull,18.0,2,0,1,4,0
1132,2024,12,2024-07-07,British Grand Prix,15,sauber,Sauber,0.0,15,0,0,14,0
1132,2024,12,2024-07-07,British Grand Prix,3,williams,Williams,2.0,9,0,0,9,0
1133,2024,13,2024-07-21,Hungarian Grand Prix,214,alpine,Alpine F1 Team,0.0,18,0,0,19,0
1133,2024,13,2024-07-21,Hungarian Grand Prix,117,aston_martin,Aston Martin,1.0,10,0,0,7,0
1133,2024,13,2024-07-21,Hungarian Grand Prix,6,ferrari,Ferrari,20.0,4,0,0,4,0
1133,2024,13,2024-07-21,Hungarian Grand Prix,210,haas,Haas F1 Team,0.0,13,0,0,11,0
1133,2024,13,2024-07-21,Hungarian Grand Prix,1,mclaren,McLaren,43.0,1,1,1,1,1
1133,2024,13,2024-07-21,Hungarian Grand Prix,131,mercedes,Mercedes,20.0,3,0,1,5,0
1133,2024,13,2024-07-21,Hungarian Grand Prix,215,rb,RB F1 Team,2.0,9,0,0,9,0
1133,2024,13,2024-07-21,Hungarian Grand Prix,9,red_bull,Red Bull,16.0,5,0,0,3,0
1133,2024,13,2024-07-21,Hungarian Grand Prix,15,sauber,Sauber,0.0,16,0,0,12,0
1133,2024,13,2024-07-21,Hungarian Grand Prix,3,williams,Williams,0.0,14,0,0,13,0
1134,2024,14,2024-07-28,Belgian Grand Prix,214,alpine,Alpine F1 Team,2.0,9,0,0,10,0
1134,2024,14,2024-07-28,Belgian Grand Prix,117,aston_martin,Aston Martin,4.0,8,0,0,9,0
1134,2024,14,2024-07-28,Belgian Grand Prix,6,ferrari,Ferrari,23.0,3,0,1,2,0
1134,2024,14,2024-07-28,Belgian Grand Prix,210,haas,Haas F1 Team,0.0,14,0,0,16,0
1134,2024,14,2024-07-28,Belgian Grand Prix,1,mclaren,McLaren,28.0,2,0,1,5,0
1134,2024,14,2024-07-28,Belgian Grand Prix,131,mercedes,Mercedes,25.0,1,1,1,4,0
1134,2024,14,2024-07-28,Belgian Grand Prix,215,rb,RB F1 Team,1.0,10,0,0,13,0
1134,2024,14,2024-07-28,Belgian Grand Prix,9,red_bull,Red Bull,19.0,4,0,0,1,1
1134,2024,14,2024-07-28,Belgian Grand Prix,15,sauber,Sauber,0.0,15,0,0,14,0
1134,2024,14,2024-07-28,Belgian Grand Prix,3,williams,Williams,0.0,12,0,0,11,0
1135,2024,15,2024-08-25,Dutch Grand Prix,214,alpine,Alpine F1 Team,2.0,9,0,0,9,0
1135,2024,15,2024-08-25,Dutch Grand Prix,117,aston_martin,Aston Martin,1.0,10,0,0,7,0
1135,2024,15,2024-08-25,Dutch Grand Prix,6,ferrari,Ferrari,25.0,3,0,1,6,0
1135,2024,15,2024-08-25,Dutch Grand Prix,210,haas,Haas F1 Team,0.0,11,0,0,13,0
1135,2024,15,2024-08-25,Dutch Grand Prix,1,mclaren,McLaren,38.0,1,1,1,1,1
1135,2024,15,2024-08-25,Dutch Grand Prix,131,mercedes,Mercedes,10.0,7,0,0,4,0
1135,2024,15,2024-08-25,Dutch Grand Prix,215,rb,RB F1 Team,0.0,12,0,0,12,0
1135,2024,15,2024-08-25,Dutch Grand Prix,9,red_bull,Red Bull,26.0,2,0,1,2,0
1135,2024,15,2024-08-25,Dutch Grand Prix,15,sauber,Sauber,0.0,19,0,0,17,0
1135,2024,15,2024-08-25,Dutch Grand Prix,3,williams,Williams,0.0,14,0,0,19,0
1136,2024,16,2024-09-01,Italian Grand Prix,214,alpine,Alpine F1 Team,0.0,14,0,0,14,0
1136,2024,16,2024-09-01,Italian Grand Prix,117,aston_martin,Aston Martin,0.0,11,0,0,11,0
1136,2024,16,2024-09-01,Italian Grand Prix,6,ferrari,Ferrari,37.0,1,1,1,4,0
1136,2024,16,2024-09-01,Italian Grand Prix,210,haas,Haas F1 Team,1.0,10,0,0,10,0
1136,2024,16,2024-09-01,Italian Grand Prix,1,mclaren,McLaren,34.0,2,0,1,1,1
1136,2024,16,2024-09-01,Italian Grand Prix,131,mercedes,Mercedes,16.0,5,0,0,3,0
1136,2024,16,2024-09-01,Italian Grand Prix,215,rb,RB F1 Team,0.0,13,0,0,12,0
1136,2024,16,2024-09-01,Italian Grand Prix,9,red_bull,Red Bull,12.0,6,0,0,7,0
1136,2024,16,2024-09-01,Italian Grand Prix,15,sauber,Sauber,0.0,16,0,0,19,0
1136,2024,16,2024-09-01,Italian Grand Prix,3,williams,Williams,2.0,9,0,0,9,0
1137,2024,17,2024-09-15,Azerbaijan Grand Prix,214,alpine,Alpine F1 Team,0.0,12,0,0,19,0
1137,2024,17,2024-09-15,Azerbaijan Grand Prix,117,aston_martin,Aston Martin,8.0,6,0,0,8,0
1137,2024,17,2024-09-15,Azerbaijan Grand Prix,6,ferrari,Ferrari,18.0,2,0,1,1,1
1137,2024,17,2024-09-15,Azerbaijan Grand Prix,210,haas,Haas F1 Team,1.0,10,0,0,11,0
1137,2024,17,2024-09-15,Azerbaijan Grand Prix,1,mclaren,McLaren,38.0,1,1,1,2,0
1137,2024,17,2024-09-15,Azerbaijan Grand Prix,131,mercedes,Mercedes,17.0,3,0,1,5,0
1137,2024,17,2024-09-15,Azerbaijan Grand Prix,215,rb,RB F1 Team,0.0,13,0,0,12,0
1137,2024,17,2024-09-15,Azerbaijan Grand Prix,9,red_bull,Red Bull,10.0,5,0,0,4,0
1137,2024,17,2024-09-15,Azerbaijan Grand Prix,15,sauber,Sauber,0.0,14,0,0,17,0
1137,2024,17,2024-09-15,Azerbaijan Grand Prix,3,williams,Williams,10.0,7,0,0,9,0
1138,2024,18,2024-09-22,Singapore Grand Prix,214,alpine,Alpine F1 Team,0.0,13,0,0,15,0
1138,2024,18,2024-09-22,Singapore Grand Prix,117,aston_martin,Aston Martin,4.0,8,0,0,7,0
1138,2024,18,2024-09-22,Singapore Grand Prix,6,ferrari,Ferrari,16.0,5,0,0,9,0
1138,2024,18,2024-09-22,Singapore Grand Prix,210,haas,Haas F1 Team,2.0,9,0,0,6,0
1138,2024,18,2024-09-22,Singapore Grand Prix,1,mclaren,McLaren,40.0,1,1,1,1,1
1138,2024,18,2024-09-22,Singapore Grand Prix,131,mercedes,Mercedes,20.0,4,0,0,3,0
1138,2024,18,2024-09-22,Singapore Grand Prix,215,rb,RB F1 Team,0.0,12,0,0,8,0
1138,2024,18,2024-09-22,Singapore Grand Prix,9,red_bull,Red Bull,19.0,2,0,1,2,0
1138,2024,18,2024-09-22,Singapore Grand Prix,15,sauber,Sauber,0.0,15,0,0,19,0
1138,2024,18,2024-09-22,Singapore Grand Prix,3,williams,Williams,0.0,11,0,0,11,0
1139,2024,19,2024-10-20,United States Grand Prix,214,alpine,Alpine F1 Team,0.0,12,0,0,7,0
1139,2024,19,2024-10-20,United States Grand Prix,117,aston_martin,Aston Martin,0.0,13,0,0,8,0
1139,2024,19,2024-10-20,United States Grand Prix,6,ferrari,Ferrari,55.0,1,1,1,3,0
1139,2024,19,2024-10-20,United States Grand Prix,210,haas,Haas F1 Team,7.0,8,0,0,9,0
1139,2024,19,2024-10-20,United States Grand Prix,1,mclaren,McLaren,28.0,4,0,0,1,1
1139,2024,19,2024-10-20,United States Grand Prix,131,mercedes,Mercedes,15.0,6,0,0,6,0
1139,2024,19,2024-10-20,United States Grand Prix,215,rb,RB F1 Team,2.0,9,0,0,11,0
1139,2024,19,2024-10-20,United States Grand Prix,9,red_bull,Red Bull,29.0,3,0,1,2,0
1139,2024,19,2024-10-20,United States Grand Prix,15,sauber,Sauber,0.0,17,0,0,18,0
1139,2024,19,2024-10-20,United States Grand Prix,3,williams,Williams,1.0,10,0,0,16,0
1140,2024,20,2024-10-27,Mexico City Grand Prix,214,alpine,Alpine F1 Team,1.0,10,0,0,8,0
1140,2024,20,2024-10-27,Mexico City Grand Prix,117,aston_martin,Aston Martin,0.0,11,0,0,13,0
1140,2024,20,2024-10-27,Mexico City Grand Prix,6,ferrari,Ferrari,41.0,1,1,1,1,1
1140,2024,20,2024-10-27,Mexico City Grand Prix,210,haas,Haas F1 Team,8.0,7,0,0,7,0
1140,2024,20,2024-10-27,Mexico City Grand Prix,1,mclaren,McLaren,22.0,2,0,1,3,0
1140,2024,20,2024-10-27,Mexico City Grand Prix,131,mercedes,Mercedes,22.0,4,0,0,5,0
1140,2024,20,2024-10-27,Mexico City Grand Prix,215,rb,RB F1 Team,0.0,16,0,0,11,0
1140,2024,20,2024-10-27,Mexico City Grand Prix,9,red_bull,Red Bull,8.0,6,0,0,2,0
1140,2024,20,2024-10-27,Mexico City Grand Prix,15,sauber,Sauber,0.0,14,0,0,15,0
1140,2024,20,2024-10-27,Mexico City Grand Prix,3,williams,Williams,0.0,12,0,0,9,0
1141,2024,21,2024-11-03,São Paulo Grand Prix,214,alpine,Alpine F1 Team,35.0,2,0,1,4,0
1141,2024,21,2024-11-03,São Paulo Grand Prix,117,aston_martin,Aston Martin,0.0,14,0,0,9,0
1141,2024,21,2024-11-03,São Paulo Grand Prix,6,ferrari,Ferrari,20.0,5,0,0,6,0
1141,2024,21,2024-11-03,São Paulo Grand Prix,210,haas,Haas F1 Team,0.0,12,0,0,17,0
1141,2024,21,2024-11-03,São Paulo Grand Prix,1,mclaren,McLaren,27.0,6,0,0,1,1
1141,2024,21,2024-11-03,São Paulo Grand Prix,131,mercedes,Mercedes,16.0,4,0,0,2,0
1141,2024,21,2024-11-03,São Paulo Grand Prix,215,rb,RB F1 Team,8.0,7,0,0,3,0
1141,2024,21,2024-11-03,São Paulo Grand Prix,9,red_bull,Red Bull,32.0,1,1,1,12,0
1141,2024,21,2024-11-03,São Paulo Grand Prix,15,sauber,Sauber,0.0,13,0,0,11,0
1141,2024,21,2024-11-03,São Paulo Grand Prix,3,williams,Williams,0.0,17,0,0,7,0
1142,2024,22,2024-11-23,Las Vegas Grand Prix,214,alpine,Alpine F1 Team,0.0,17,0,0,3,0
1142,2024,22,2024-11-23,Las Vegas Grand Prix,117,aston_martin,Aston Martin,0.0,11,0,0,17,0
1142,2024,22,2024-11-23,Las Vegas Grand Prix,6,ferrari,Ferrari,27.0,3,0,1,2,0
1142,2024,22,2024-11-23,Las Vegas Grand Prix,210,haas,Haas F1 Team,4.0,8,0,0,9,0
1142,2024,22,2024-11-23,Las Vegas Grand Prix,1,mclaren,McLaren,15.0,6,0,0,6,0
1142,2024,22,2024-11-23,Las Vegas Grand Prix,131,mercedes,Mercedes,43.0,1,1,1,1,1
1142,2024,22,2024-11-23,Las Vegas Grand Prix,215,rb,RB F1 Team,2.0,9,0,0,7,0
1142,2024,22,2024-11-23,Las Vegas Grand Prix,9,red_bull,Red Bull,11.0,5,0,0,5,0
1142,2024,22,2024-11-23,Las Vegas Grand Prix,15,sauber,Sauber,0.0,13,0,0,13,0
1142,2024,22,2024-11-23,Las Vegas Grand Prix,3,williams,Williams,0.0,14,0,0,14,0
1143,2024,23,2024-12-01,Qatar Grand Prix,214,alpine,Alpine F1 Team,10.0,5,0,0,11,0
1143,2024,23,2024-12-01,Qatar Grand Prix,117,aston_martin,Aston Martin,6.0,7,0,0,8,0
1143,2024,23,2024-12-01,Qatar Grand Prix,6,ferrari,Ferrari,35.0,2,0,1,5,0
1143,2024,23,2024-12-01,Qatar Grand Prix,210,haas,Haas F1 Team,4.0,9,0,0,10,0
1143,2024,23,2024-12-01,Qatar Grand Prix,1,mclaren,McLaren,32.0,3,0,1,3,0
1143,2024,23,2024-12-01,Qatar Grand Prix,131,mercedes,Mercedes,21.0,4,0,0,2,0
1143,2024,23,2024-12-01,Qatar Grand Prix,215,rb,RB F1 Team,0.0,13,0,0,14,0
1143,2024,23,2024-12-01,Qatar Grand Prix,9,red_bull,Red Bull,26.0,1,1,1,1,1
1143,2024,23,2024-12-01,Qatar Grand Prix,15,sauber,Sauber,4.0,8,0,0,12,0
1143,2024,23,2024-12-01,Qatar Grand Prix,3,williams,Williams,0.0,15,0,0,16,0
1144,2024,24,2024-12-08,Abu Dhabi Grand Prix,214,alpine,Alpine F1 Team,6.0,7,0,0,6,0
1144,2024,24,2024-12-08,Abu Dhabi Grand Prix,117,aston_martin,Aston Martin,2.0,9,0,0,8,0
1144,2024,24,2024-12-08,Abu Dhabi Grand Prix,6,ferrari,Ferrari,33.0,2,0,1,3,0
1144,2024,24,2024-12-08,Abu Dhabi Grand Prix,210,haas,Haas F1 Team,4.0,8,0,0,4,0
1144,2024,24,2024-12-08,Abu Dhabi Grand Prix,1,mclaren,McLaren,26.0,1,1,1,1,1
1144,2024,24,2024-12-08,Abu Dhabi Grand Prix,131,mercedes,Mercedes,22.0,4,0,0,7,0
1144,2024,24,2024-12-08,Abu Dhabi Grand Prix,215,rb,RB F1 Team,0.0,12,0,0,11,0
1144,2024,24,2024-12-08,Abu Dhabi Grand Prix,9,red_bull,Red Bull,8.0,6,0,0,5,0
1144,2024,24,2024-12-08,Abu Dhabi Grand Prix,15,sauber,Sauber,0.0,13,0,0,9,0
1144,2024,24,2024-12-08,Abu Dhabi Grand Prix,3,williams,Williams,0.0,11,0,0,16,0
1145,2025,1,2025-03-16,Australian Grand Prix,214,alpine,Alpine F1 Team,0.0,11,0,0,9,0
1145,2025,1,2025-03-16,Australian Grand Prix,117,aston_martin,Aston Martin,8.0,6,0,0,12,0
1145,2025,1,2025-03-16,Australian Grand Prix,6,ferrari,Ferrari,5.0,8,0,0,7,0
1145,2025,1,2025-03-16,Australian Grand Prix,210,haas,Haas F1 Team,0.0,13,0,0,19,0
1145,2025,1,2025-03-16,Australian Grand Prix,1,mclaren,McLaren,27.0,1,1,1,1,1
1145,2025,1,2025-03-16,Australian Grand Prix,131,mercedes,Mercedes,27.0,3,0,1,4,0
1145,2025,1,2025-03-16,Australian Grand Prix,215,rb,RB F1 Team,0.0,12,0,0,5,0
1145,2025,1,2025-03-16,Australian Grand Prix,9,red_bull,Red Bull,18.0,2,0,1,3,0
1145,2025,1,2025-03-16,Australian Grand Prix,15,sauber,Sauber,6.0,7,0,0,15,0
1145,2025,1,2025-03-16,Australian Grand Prix,3,williams,Williams,10.0,5,0,0,6,0
1146,2025,2,2025-03-23,Chinese Grand Prix,214,alpine,Alpine F1 Team,0.0,13,0,0,16,0
1146,2025,2,2025-03-23,Chinese Grand Prix,117,aston_martin,Aston Martin,2.0,9,0,0,13,0
1146,2025,2,2025-03-23,Chinese Grand Prix,6,ferrari,Ferrari,0.0,18,0,0,5,0
1146,2025,2,2025-03-23,Chinese Grand Prix,210,haas,Haas F1 Team,14.0,5,0,0,11,0
1146,2025,2,2025-03-23,Chinese Grand Prix,1,mclaren,McLaren,43.0,1,1,1,1,1
1146,2025,2,2025-03-23,Chinese Grand Prix,131,mercedes,Mercedes,23.0,3,0,1,2,0
1146,2025,2,2025-03-23,Chinese Grand Prix,215,rb,RB F1 Team,0.0,11,0,0,7,0
1146,2025,2,2025-03-23,Chinese Grand Prix,9,red_bull,Red Bull,12.0,4,0,0,4,0
1146,2025,2,2025-03-23,Chinese Grand Prix,15,sauber,Sauber,0.0,14,0,0,12,0
1146,2025,2,2025-03-23,Chinese Grand Prix,3,williams,Williams,7.0,7,0,0,10,0
1147,2025,3,2025-04-06,Japanese Grand Prix,214,alpine,Alpine F1 Team,0.0,13,0,0,11,0
1147,2025,3,2025-04-06,Japanese Grand Prix,117,aston_martin,Aston Martin,0.0,11,0,0,13,0
1147,2025,3,2025-04-06,Japanese Grand Prix,6,ferrari,Ferrari,18.0,4,0,0,4,0
1147,2025,3,2025-04-06,Japanese Grand Prix,210,haas,Haas F1 Team,1.0,10,0,0,10,0
1147,2025,3,2025-04-06,Japanese Grand Prix,1,mclaren,McLaren,33.0,2,0,1,2,0
1147,2025,3,2025-04-06,Japanese Grand Prix,131,mercedes,Mercedes,18.0,5,0,0,5,0
1147,2025,3,2025-04-06,Japanese Grand Prix,215,rb,RB F1 Team,4.0,8,0,0,7,0
1147,2025,3,2025-04-06,Japanese Grand Prix,9,red_bull,Red Bull,25.0,1,1,1,1,1
1147,2025,3,2025-04-06,Japanese Grand Prix,15,sauber,Sauber,0.0,16,0,0,16,0
1147,2025,3,2025-04-06,Japanese Grand Prix,3,williams,Williams,2.0,9,0,0,9,0
1148,2025,4,2025-04-13,Bahrain Grand Prix,214,alpine,Alpine F1 Team,6.0,7,0,0,5,0
1148,2025,4,2025-04-13,Bahrain Grand Prix,117,aston_martin,Aston Martin,0.0,15,0,0,13,0
1148,2025,4,2025-04-13,Bahrain Grand Prix,6,ferrari,Ferrari,22.0,4,0,0,3,0
1148,2025,4,2025-04-13,Bahrain Grand Prix,210,haas,Haas F1 Team,5.0,8,0,0,14,0
1148,2025,4,2025-04-13,Bahrain Grand Prix,1,mclaren,McLaren,40.0,1,1,1,1,1
1148,2025,4,2025-04-13,Bahrain Grand Prix,131,mercedes,Mercedes,18.0,2,0,1,2,0
1148,2025,4,2025-04-13,Bahrain Grand Prix,215,rb,RB F1 Team,0.0,13,0,0,12,0
1148,2025,4,2025-04-13,Bahrain Grand Prix,9,red_bull,Red Bull,10.0,6,0,0,7,0
1148,2025,4,2025-04-13,Bahrain Grand Prix,15,sauber,Sauber,0.0,18,0,0,16,0
1148,2025,4,2025-04-13,Bahrain Grand Prix,3,williams,Williams,0.0,12,0,0,8,0
1149,2025,5,2025-04-20,Saudi Arabian Grand Prix,214,alpine,Alpine F1 Team,0.0,17,0,0,9,0
1149,2025,5,2025-04-20,Saudi Arabian Grand Prix,117,aston_martin,Aston Martin,0.0,11,0,0,13,0
1149,2025,5,2025-04-20,Saudi Arabian Grand Prix,6,ferrari,Ferrari,21.0,3,0,1,4,0
1149,2025,5,2025-04-20,Saudi Arabian Grand Prix,210,haas,Haas F1 Team,0.0,13,0,0,15,0
1149,2025,5,2025-04-20,Saudi Arabian Grand Prix,1,mclaren,McLaren,37.0,1,1,1,2,0
1149,2025,5,2025-04-20,Saudi Arabian Grand Prix,131,mercedes,Mercedes,18.0,5,0,0,3,0
1149,2025,5,2025-04-20,Saudi Arabian Grand Prix,215,rb,RB F1 Team,1.0,10,0,0,12,0
1149,2025,5,2025-04-20,Saudi Arabian Grand Prix,9,red_bull,Red Bull,18.0,2,0,1,1,1
1149,2025,5,2025-04-20,Saudi Arabian Grand Prix,15,sauber,Sauber,0.0,15,0,0,18,0
1149,2025,5,2025-04-20,Saudi Arabian Grand Prix,3,williams,Williams,6.0,8,0,0,6,0
1150,2025,6,2025-05-04,Miami Grand Prix,214,alpine,Alpine F1 Team,0.0,13,0,0,14,0
1150,2025,6,2025-05-04,Miami Grand Prix,117,aston_martin,Aston Martin,0.0,15,0,0,17,0
1150,2025,6,2025-05-04,Miami Grand Prix,6,ferrari,Ferrari,10.0,7,0,0,8,0
1150,2025,6,2025-05-04,Miami Grand Prix,210,haas,Haas F1 Team,0.0,12,0,0,9,0
1150,2025,6,2025-05-04,Miami Grand Prix,1,mclaren,McLaren,43.0,1,1,1,2,0
1150,2025,6,2025-05-04,Miami Grand Prix,131,mercedes,Mercedes,23.0,3,0,1,3,0
1150,2025,6,2025-05-04,Miami Grand Prix,215,rb,RB F1 Team,0.0,11,0,0,11,0
1150,2025,6,2025-05-04,Miami Grand Prix,9,red_bull,Red Bull,13.0,4,0,0,1,1
1150,2025,6,2025-05-04,Miami Grand Prix,15,sauber,Sauber,0.0,14,0,0,13,0
1150,2025,6,2025-05-04,Miami Grand Prix,3,williams,Williams,12.0,5,0,0,6,0
1151,2025,7,2025-05-18,Emilia Romagna Grand Prix,214,alpine,Alpine F1 Team,0.0,13,0,0,10,0
1151,2025,7,2025-05-18,Emilia Romagna Grand Prix,117,aston_martin,Aston Martin,0.0,11,0,0,5,0
1151,2025,7,2025-05-18,Emilia Romagna Grand Prix,6,ferrari,Ferrari,20.0,4,0,0,11,0
1151,2025,7,2025-05-18,Emilia Romagna Grand Prix,210,haas,Haas F1 Team,0.0,17,0,0,18,0
1151,2025,7,2025-05-18,Emilia Romagna Grand Prix,1,mclaren,McLaren,33.0,2,0,1,1,1
1151,2025,7,2025-05-18,Emilia Romagna Grand Prix,131,mercedes,Mercedes,6.0,7,0,0,3,0
1151,2025,7,2025-05-18,Emilia Romagna Grand Prix,215,rb,RB F1 Team,2.0,9,0,0,9,0
1151,2025,7,2025-05-18,Emilia Romagna Grand Prix,9,red_bull,Red Bull,26.0,1,1,1,2,0
1151,2025,7,2025-05-18,Emilia Romagna Grand Prix,15,sauber,Sauber,0.0,12,0,0,14,0
1151,2025,7,2025-05-18,Emilia Romagna Grand Prix,3,williams,Williams,14.0,5,0,0,6,0
1152,2025,8,2025-05-25,Monaco Grand Prix,214,alpine,Alpine F1 Team,0.0,13,0,0,18,0
1152,2025,8,2025-05-25,Monaco Grand Prix,117,aston_martin,Aston Martin,0.0,15,0,0,7,0
1152,2025,8,2025-05-25,Monaco Grand Prix,6,ferrari,Ferrari,28.0,2,0,1,2,0
1152,2025,8,2025-05-25,Monaco Grand Prix,210,haas,Haas F1 Team,6.0,7,0,0,8,0
1152,2025,8,2025-05-25,Monaco Grand Prix,1,mclaren,McLaren,40.0,1,1,1,1,1
1152,2025,8,2025-05-25,Monaco Grand Prix,131,mercedes,Mercedes,0.0,11,0,0,14,0
1152,2025,8,2025-05-25,Monaco Grand Prix,215,rb,RB F1 Team,12.0,6,0,0,6,0
1152,2025,8,2025-05-25,Monaco Grand Prix,9,red_bull,Red Bull,12.0,4,0,0,5,0
1152,2025,8,2025-05-25,Monaco Grand Prix,15,sauber,Sauber,0.0,14,0,0,13,0
1152,2025,8,2025-05-25,Monaco Grand Prix,3,williams,Williams,3.0,9,0,0,10,0
1153,2025,9,2025-06-01,Spanish Grand Prix,214,alpine,Alpine F1 Team,4.0,8,0,0,8,0
1153,2025,9,2025-06-01,Spanish Grand Prix,117,aston_martin,Aston Martin,2.0,9,0,0,10,0
1153,2025,9,2025-06-01,Spanish Grand Prix,6,ferrari,Ferrari,23.0,3,0,1,5,0
1153,2025,9,2025-06-01,Spanish Grand Prix,210,haas,Haas F1 Team,0.0,16,0,0,15,0
1153,2025,9,2025-06-01,Spanish Grand Prix,1,mclaren,McLaren,43.0,1,1,1,1,1
1153,2025,9,2025-06-01,Spanish Grand Prix,131,mercedes,Mercedes,12.0,4,0,0,4,0
1153,2025,9,2025-06-01,Spanish Grand Prix,215,rb,RB F1 Team,6.0,7,0,0,9,0
1153,2025,9,2025-06-01,Spanish Grand Prix,9,red_bull,Red Bull,1.0,10,0,0,3,0
1153,2025,9,2025-06-01,Spanish Grand Prix,15,sauber,Sauber,10.0,5,0,0,12,0
1153,2025,9,2025-06-01,Spanish Grand Prix,3,williams,Williams,0.0,14,0,0,11,0
1154,2025,10,2025-06-15,Canadian Grand Prix,214,alpine,Alpine F1 Team,0.0,13,0,0,12,0
1154,2025,10,2025-06-15,Canadian Grand Prix,117,aston_martin,Aston Martin,6.0,7,0,0,6,0
1154,2025,10,2025-06-15,Canadian Grand Prix,6,ferrari,Ferrari,18.0,5,0,0,5,0
1154,2025,10,2025-06-15,Canadian Grand Prix,210,haas,Haas F1 Team,2.0,9,0,0,14,0
1154,2025,10,2025-06-15,Canadian Grand Prix,1,mclaren,McLaren,12.0,4,0,0,3,0
1154,2025,10,2025-06-15,Canadian Grand Prix,131,mercedes,Mercedes,40.0,1,1,1,1,1
1154,2025,10,2025-06-15,Canadian Grand Prix,215,rb,RB F1 Team,0.0,16,0,0,9,0
1154,2025,10,2025-06-15,Canadian Grand Prix,9,red_bull,Red Bull,18.0,2,0,1,2,0
1154,2025,10,2025-06-15,Canadian Grand Prix,15,sauber,Sauber,4.0,8,0,0,13,0
1154,2025,10,2025-06-15,Canadian Grand Prix,3,williams,Williams,1.0,10,0,0,10,0
1155,2025,11,2025-06-29,Austrian Grand Prix,214,alpine,Alpine F1 Team,0.0,13,0,0,10,0
1155,2025,11,2025-06-29,Austrian Grand Prix,117,aston_martin,Aston Martin,6.0,7,0,0,11,0
1155,2025,11,2025-06-29,Austrian Grand Prix,6,ferrari,Ferrari,27.0,3,0,1,2,0
1155,2025,11,2025-06-29,Austrian Grand Prix,210,haas,Haas F1 Team,1.0,10,0,0,15,0
1155,2025,11,2025-06-29,Austrian Grand Prix,1,mclaren,McLaren,43.0,1,1,1,1,1
1155,2025,11,2025-06-29,Austrian Grand Prix,131,mercedes,Mercedes,10.0,5,0,0,5,0
1155,2025,11,2025-06-29,Austrian Grand Prix,215,rb,RB F1 Team,8.0,6,0,0,6,0
1155,2025,11,2025-06-29,Austrian Grand Prix,9,red_bull,Red Bull,0.0,16,0,0,7,0
1155,2025,11,2025-06-29,Austrian Grand Prix,15,sauber,Sauber,6.0,8,0,0,8,0
1155,2025,11,2025-06-29,Austrian Grand Prix,3,williams,Williams,0.0,17,0,0,12,0
1156,2025,12,2025-07-06,British Grand Prix,214,alpine,Alpine F1 Team,8.0,6,0,0,10,0
1156,2025,12,2025-07-06,British Grand Prix,117,aston_martin,Aston Martin,8.0,7,0,0,9,0
1156,2025,12,2025-07-06,British Grand Prix,6,ferrari,Ferrari,12.0,4,0,0,5,0
1156,2025,12,2025-07-06,British Grand Prix,210,haas,Haas F1 Team,0.0,11,0,0,8,0
1156,2025,12,2025-07-06,British Grand Prix,1,mclaren,McLaren,43.0,1,1,1,2,0
1156,2025,12,2025-07-06,British Grand Prix,131,mercedes,Mercedes,1.0,10,0,0,4,0
1156,2025,12,2025-07-06,British Grand Prix,215,rb,RB F1 Team,0.0,17,0,0,13,0
1156,2025,12,2025-07-06,British Grand Prix,9,red_bull,Red Bull,10.0,5,0,0,1,1
1156,2025,12,2025-07-06,British Grand Prix,15,sauber,Sauber,15.0,3,0,1,17,0
1156,2025,12,2025-07-06,British Grand Prix,3,williams,Williams,4.0,8,0,0,11,0
1157,2025,13,2025-07-27,Belgian Grand Prix,214,alpine,Alpine F1 Team,1.0,10,0,0,13,0
1157,2025,13,2025-07-27,Belgian Grand Prix,117,aston_martin,Aston Martin,0.0,14,0,0,19,0
1157,2025,13,2025-07-27,Belgian Grand Prix,6,ferrari,Ferrari,21.0,3,0,1,3,0
1157,2025,13,2025-07-27,Belgian Grand Prix,210,haas,Haas F1 Team,0.0,11,0,0,11,0
1157,2025,13,2025-07-27,Belgian Grand Prix,1,mclaren,McLaren,43.0,1,1,1,1,1
1157,2025,13,2025-07-27,Belgian Grand Prix,131,mercedes,Mercedes,10.0,5,0,0,6,0
1157,2025,13,2025-07-27,Belgian Grand Prix,215,rb,RB F1 Team,4.0,8,0,0,8,0
1157,2025,13,2025-07-27,Belgian Grand Prix,9,red_bull,Red Bull,12.0,4,0,0,4,0
1157,2025,13,2025-07-27,Belgian Grand Prix,15,sauber,Sauber,2.0,9,0,0,10,0
1157,2025,13,2025-07-27,Belgian Grand Prix,3,williams,Williams,8.0,6,0,0,5,0
1158,2025,14,2025-08-03,Hungarian Grand Prix,214,alpine,Alpine F1 Team,0.0,18,0,0,14,0
1158,2025,14,2025-08-03,Hungarian Grand Prix,117,aston_martin,Aston Martin,16.0,5,0,0,5,0
1158,2025,14,2025-08-03,Hungarian Grand Prix,6,ferrari,Ferrari,12.0,4,0,0,1,1
1158,2025,14,2025-08-03,Hungarian Grand Prix,210,haas,Haas F1 Team,0.0,16,0,0,11,0
1158,2025,14,2025-08-03,Hungarian Grand Prix,1,mclaren,McLaren,43.0,1,1,1,2,0
1158,2025,14,2025-08-03,Hungarian Grand Prix,131,mercedes,Mercedes,16.0,3,0,1,4,0
1158,2025,14,2025-08-03,Hungarian Grand Prix,215,rb,RB F1 Team,4.0,8,0,0,9,0
1158,2025,14,2025-08-03,Hungarian Grand Prix,9,red_bull,Red Bull,2.0,9,0,0,8,0
1158,2025,14,2025-08-03,Hungarian Grand Prix,15,sauber,Sauber,8.0,6,0,0,7,0
1158,2025,14,2025-08-03,Hungarian Grand Prix,3,williams,Williams,0.0,14,0,0,13,0
1159,2025,15,2025-08-31,Dutch Grand Prix,214,alpine,Alpine F1 Team,0.0,11,0,0,14,0
1159,2025,15,2025-08-31,Dutch Grand Prix,117,aston_martin,Aston Martin,10.0,7,0,0,10,0
1159,2025,15,2025-08-31,Dutch Grand Prix,6,ferrari,Ferrari,0.0,19,0,0,6,0
1159,2025,15,2025-08-31,Dutch Grand Prix,210,haas,Haas F1 Team,9.0,6,0,0,18,0
1159,2025,15,2025-08-31,Dutch Grand Prix,1,mclaren,McLaren,25.0,1,1,1,1,1
1159,2025,15,2025-08-31,Dutch Grand Prix,131,mercedes,Mercedes,12.0,4,0,0,5,0
1159,2025,15,2025-08-31,Dutch Grand Prix,215,rb,RB F1 Team,15.0,3,0,1,4,0
1159,2025,15,2025-08-31,Dutch Grand Prix,9,red_bull,Red Bull,20.0,2,0,1,3,0
1159,2025,15,2025-08-31,Dutch Grand Prix,15,sauber,Sauber,0.0,14,0,0,13,0
1159,2025,15,2025-08-31,Dutch Grand Prix,3,williams,Williams,10.0,5,0,0,9,0
1160,2025,16,2025-09-07,Italian Grand Prix,214,alpine,Alpine F1 Team,0.0,16,0,0,18,0
1160,2025,16,2025-09-07,Italian Grand Prix,117,aston_martin,Aston Martin,0.0,18,0,0,9,0
1160,2025,16,2025-09-07,Italian Grand Prix,6,ferrari,Ferrari,20.0,4,0,0,4,0
1160,2025,16,2025-09-07,Italian Grand Prix,210,haas,Haas F1 Team,0.0,12,0,0,11,0
1160,2025,16,2025-09-07,Italian Grand Prix,1,mclaren,McLaren,33.0,2,0,1,2,0
1160,2025,16,2025-09-07,Italian Grand Prix,131,mercedes,Mercedes,12.0,5,0,0,6,0
1160,2025,16,2025-09-07,Italian Grand Prix,215,rb,RB F1 Team,1.0,10,0,0,16,0
1160,2025,16,2025-09-07,Italian Grand Prix,9,red_bull,Red Bull,25.0,1,1,1,1,1
1160,2025,16,2025-09-07,Italian Grand Prix,15,sauber,Sauber,4.0,8,0,0,8,0
1160,2025,16,2025-09-07,Italian Grand Prix,3,williams,Williams,6.0,7,0,0,13,0
1161,2025,17,2025-09-21,Azerbaijan Grand Prix,214,alpine,Alpine F1 Team,0.0,18,0,0,16,0
1161,2025,17,2025-09-21,Azerbaijan Grand Prix,117,aston_martin,Aston Martin,0.0,15,0,0,11,0
1161,2025,17,2025-09-21,Azerbaijan Grand Prix,6,ferrari,Ferrari,6.0,8,0,0,10,0
1161,2025,17,2025-09-21,Azerbaijan Grand Prix,210,haas,Haas F1 Team,0.0,12,0,0,15,0
1161,2025,17,2025-09-21,Azerbaijan Grand Prix,1,mclaren,McLaren,6.0,7,0,0,7,0
1161,2025,17,2025-09-21,Azerbaijan Grand Prix,131,mercedes,Mercedes,30.0,2,0,1,4,0
1161,2025,17,2025-09-21,Azerbaijan Grand Prix,215,rb,RB F1 Team,11.0,5,0,0,3,0
1161,2025,17,2025-09-21,Azerbaijan Grand Prix,9,red_bull,Red Bull,33.0,1,1,1,1,1
1161,2025,17,2025-09-21,Azerbaijan Grand Prix,15,sauber,Sauber,0.0,11,0,0,13,0
1161,2025,17,2025-09-21,Azerbaijan Grand Prix,3,williams,Williams,15.0,3,0,1,2,0
1162,2025,18,2025-10-05,Singapore Grand Prix,214,alpine,Alpine F1 Team,0.0,16,0,0,16,0
1162,2025,18,2025-10-05,Singapore Grand Prix,117,aston_martin,Aston Martin,6.0,7,0,0,10,0
1162,2025,18,2025-10-05,Singapore Grand Prix,6,ferrari,Ferrari,12.0,6,0,0,6,0
1162,2025,18,2025-10-05,Singapore Grand Prix,210,haas,Haas F1 Team,2.0,9,0,0,9,0
1162,2025,18,2025-10-05,Singapore Grand Prix,1,mclaren,McLaren,27.0,3,0,1,3,0
1162,2025,18,2025-10-05,Singapore Grand Prix,131,mercedes,Mercedes,35.0,1,1,1,1,1
1162,2025,18,2025-10-05,Singapore Grand Prix,215,rb,RB F1 Team,0.0,11,0,0,8,0
1162,2025,18,2025-10-05,Singapore Grand Prix,9,red_bull,Red Bull,18.0,2,0,1,2,0
1162,2025,18,2025-10-05,Singapore Grand Prix,15,sauber,Sauber,0.0,17,0,0,11,0
1162,2025,18,2025-10-05,Singapore Grand Prix,3,williams,Williams,1.0,10,0,0,12,0
1163,2025,19,2025-10-19,United States Grand Prix,214,alpine,Alpine F1 Team,0.0,17,0,0,14,0
1163,2025,19,2025-10-19,United States Grand Prix,117,aston_martin,Aston Martin,1.0,10,0,0,10,0
1163,2025,19,2025-10-19,United States Grand Prix,6,ferrari,Ferrari,27.0,3,0,1,3,0
1163,2025,19,2025-10-19,United States Grand Prix,210,haas,Haas F1 Team,2.0,9,0,0,8,0
1163,2025,19,2025-10-19,United States Grand Prix,1,mclaren,McLaren,28.0,2,0,1,2,0
1163,2025,19,2025-10-19,United States Grand Prix,131,mercedes,Mercedes,8.0,6,0,0,4,0
1163,2025,19,2025-10-19,United States Grand Prix,215,rb,RB F1 Team,0.0,11,0,0,12,0
1163,2025,19,2025-10-19,United States Grand Prix,9,red_bull,Red Bull,31.0,1,1,1,1,1
1163,2025,19,2025-10-19,United States Grand Prix,15,sauber,Sauber,4.0,8,0,0,11,0
1163,2025,19,2025-10-19,United States Grand Prix,3,williams,Williams,0.0,14,0,0,9,0
1164,2025,20,2025-10-26,Mexico City Grand Prix,214,alpine,Alpine F1 Team,0.0,15,0,0,18,0
1164,2025,20,2025-10-26,Mexico City Grand Prix,117,aston_martin,Aston Martin,0.0,14,0,0,14,0
1164,2025,20,2025-10-26,Mexico City Grand Prix,6,ferrari,Ferrari,22.0,2,0,1,2,0
1164,2025,20,2025-10-26,Mexico City Grand Prix,210,haas,Haas F1 Team,14.0,4,0,0,10,0
1164,2025,20,2025-10-26,Mexico City Grand Prix,1,mclaren,McLaren,35.0,1,1,1,1,1
1164,2025,20,2025-10-26,Mexico City Grand Prix,131,mercedes,Mercedes,14.0,6,0,0,4,0
1164,2025,20,2025-10-26,Mexico City Grand Prix,215,rb,RB F1 Team,0.0,13,0,0,9,0
1164,2025,20,2025-10-26,Mexico City Grand Prix,9,red_bull,Red Bull,15.0,3,0,1,5,0
1164,2025,20,2025-10-26,Mexico City Grand Prix,15,sauber,Sauber,1.0,10,0,0,13,0
1164,2025,20,2025-10-26,Mexico City Grand Prix,3,williams,Williams,0.0,12,0,0,7,0
1165,2025,21,2025-11-09,São Paulo Grand Prix,214,alpine,Alpine F1 Team,1.0,10,0,0,9,0
1165,2025,21,2025-11-09,São Paulo Grand Prix,117,aston_martin,Aston Martin,0.0,14,0,0,11,0
1165,2025,21,2025-11-09,São Paulo Grand Prix,6,ferrari,Ferrari,0.0,18,0,0,3,0
1165,2025,21,2025-11-09,São Paulo Grand Prix,210,haas,Haas F1 Team,8.0,6,0,0,8,0
1165,2025,21,2025-11-09,São Paulo Grand Prix,1,mclaren,McLaren,35.0,1,1,1,1,1
1165,2025,21,2025-11-09,São Paulo Grand Prix,131,mercedes,Mercedes,30.0,2,0,1,2,0
1165,2025,21,2025-11-09,São Paulo Grand Prix,215,rb,RB F1 Team,10.0,7,0,0,5,0
1165,2025,21,2025-11-09,São Paulo Grand Prix,9,red_bull,Red Bull,15.0,3,0,1,16,0
1165,2025,21,2025-11-09,São Paulo Grand Prix,15,sauber,Sauber,2.0,9,0,0,10,0
1165,2025,21,2025-11-09,São Paulo Grand Prix,3,williams,Williams,0.0,11,0,0,12,0
1166,2025,22,2025-11-23,Las Vegas Grand Prix,214,alpine,Alpine F1 Team,0.0,13,0,0,10,0
1166,2025,22,2025-11-23,Las Vegas Grand Prix,117,aston_martin,Aston Martin,0.0,11,0,0,7,0
1166,2025,22,2025-11-23,Las Vegas Grand Prix,6,ferrari,Ferrari,16.0,4,0,0,9,0
1166,2025,22,2025-11-23,Las Vegas Grand Prix,210,haas,Haas F1 Team,3.0,9,0,0,13,0
1166,2025,22,2025-11-23,Las Vegas Grand Prix,1,mclaren,McLaren,0.0,19,0,0,1,1
1166,2025,22,2025-11-23,Las Vegas Grand Prix,131,mercedes,Mercedes,33.0,2,0,1,4,0
1166,2025,22,2025-11-23,Las Vegas Grand Prix,215,rb,RB F1 Team,8.0,6,0,0,6,0
1166,2025,22,2025-11-23,Las Vegas Grand Prix,9,red_bull,Red Bull,25.0,1,1,1,2,0
1166,2025,22,2025-11-23,Las Vegas Grand Prix,15,sauber,Sauber,6.0,7,0,0,11,0
1166,2025,22,2025-11-23,Las Vegas Grand Prix,3,williams,Williams,10.0,5,0,0,3,0
1167,2025,23,2025-11-30,Qatar Grand Prix,214,alpine,Alpine F1 Team,0.0,14,0,0,9,0
1167,2025,23,2025-11-30,Qatar Grand Prix,117,aston_martin,Aston Martin,6.0,7,0,0,8,0
1167,2025,23,2025-11-30,Qatar Grand Prix,6,ferrari,Ferrari,4.0,8,0,0,10,0
1167,2025,23,2025-11-30,Qatar Grand Prix,210,haas,Haas F1 Team,0.0,15,0,0,13,0
1167,2025,23,2025-11-30,Qatar Grand Prix,1,mclaren,McLaren,30.0,2,0,1,1,1
1167,2025,23,2025-11-30,Qatar Grand Prix,131,mercedes,Mercedes,18.0,5,0,0,4,0
1167,2025,23,2025-11-30,Qatar Grand Prix,215,rb,RB F1 Team,2.0,9,0,0,6,0
1167,2025,23,2025-11-30,Qatar Grand Prix,9,red_bull,Red Bull,26.0,1,1,1,3,0
1167,2025,23,2025-11-30,Qatar Grand Prix,15,sauber,Sauber,0.0,13,0,0,11,0
1167,2025,23,2025-11-30,Qatar Grand Prix,3,williams,Williams,15.0,3,0,1,7,0
1168,2025,24,2025-12-07,Abu Dhabi Grand Prix,214,alpine,Alpine F1 Team,0.0,19,0,0,19,0
1168,2025,24,2025-12-07,Abu Dhabi Grand Prix,117,aston_martin,Aston Martin,9.0,6,0,0,6,0
1168,2025,24,2025-12-07,Abu Dhabi Grand Prix,6,ferrari,Ferrari,16.0,4,0,0,5,0
1168,2025,24,2025-12-07,Abu Dhabi Grand Prix,210,haas,Haas F1 Team,6.0,7,0,0,8,0
1168,2025,24,2025-12-07,Abu Dhabi Grand Prix,1,mclaren,McLaren,33.0,2,0,1,2,0
1168,2025,24,2025-12-07,Abu Dhabi Grand Prix,131,mercedes,Mercedes,10.0,5,0,0,4,0
1168,2025,24,2025-12-07,Abu Dhabi Grand Prix,215,rb,RB F1 Team,0.0,17,0,0,9,0
1168,2025,24,2025-12-07,Abu Dhabi Grand Prix,9,red_bull,Red Bull,25.0,1,1,1,1,1
1168,2025,24,2025-12-07,Abu Dhabi Grand Prix,15,sauber,Sauber,2.0,9,0,0,7,0
1168,2025,24,2025-12-07,Abu Dhabi Grand Prix,3,williams,Williams,0.0,13,0,0,12,0
